{"stats":{"minecraft:broken":{"minecraft:stone_pickaxe":1,"minecraft:iron_pickaxe":3},"minecraft:custom":{"minecraft:mob_kills":24,"minecraft:interact_with_crafting_table":11,"minecraft:bell_ring":10,"minecraft:leave_game":5,"minecraft:time_since_death":4328,"minecraft:climb_one_cm":2031,"minecraft:sprint_one_cm":256184,"minecraft:walk_one_cm":344368,"minecraft:drop":46,"minecraft:play_time":123085,"minecraft:deaths":1,"minecraft:sneak_time":27926,"minecraft:walk_under_water_one_cm":502,"minecraft:boat_one_cm":5678,"minecraft:jump":2322,"minecraft:interact_with_brewingstand":1,"minecraft:interact_with_blast_furnace":18,"minecraft:walk_on_water_one_cm":992,"minecraft:total_world_time":123085,"minecraft:sleep_in_bed":3,"minecraft:time_since_rest":4353,"minecraft:damage_taken":1481,"minecraft:damage_dealt":5036,"minecraft:swim_one_cm":3325,"minecraft:fly_one_cm":575764,"minecraft:open_chest":43,"minecraft:crouch_one_cm":60703,"minecraft:interact_with_smoker":3,"minecraft:fall_one_cm":45480,"minecraft:horse_one_cm":45181},"minecraft:mined":{"minecraft:tuff":33,"minecraft:white_bed":1,"minecraft:deepslate_diamond_ore":54,"minecraft:cobblestone_stairs":1,"minecraft:end_stone":11,"minecraft:granite":18,"minecraft:grass_block":7,"minecraft:carrots":34,"minecraft:nether_sprouts":2,"minecraft:iron_ore":34,"minecraft:fire":20,"minecraft:cobbled_deepslate":33,"minecraft:andesite":26,"minecraft:deepslate_lapis_ore":2,"minecraft:bookshelf":16,"minecraft:stone":251,"minecraft:infested_stone_bricks":1,"minecraft:crafting_table":2,"minecraft:torch":4,"minecraft:warped_roots":4,"minecraft:cobblestone":89,"minecraft:white_candle":1,"minecraft:deepslate_gold_ore":15,"minecraft:oak_planks":2,"minecraft:diorite":35,"minecraft:warped_nylium":1,"minecraft:yellow_bed":2,"minecraft:grass":2,"minecraft:coal_ore":69,"minecraft:oak_log":4,"minecraft:dirt":10,"minecraft:netherrack":148,"minecraft:oak_leaves":3,"minecraft:deepslate":284},"minecraft:killed_by":{"minecraft:ender_dragon":1},"minecraft:killed":{"minecraft:skeleton":1,"minecraft:silverfish":1,"minecraft:magma_cube":4,"minecraft:piglin":2,"minecraft:zombie":1,"minecraft:wither_skeleton":3,"minecraft:blaze":4,"minecraft:enderman":8},"minecraft:used":{"minecraft:iron_sword":22,"minecraft:stone_hoe":5,"minecraft:netherrack":56,"minecraft:white_candle":1,"minecraft:torch":9,"minecraft:dirt":5,"minecraft:carrot":96,"minecraft:granite":2,"minecraft:iron_axe":118,"minecraft:warped_nylium":1,"minecraft:cobbled_deepslate":136,"minecraft:stone_pickaxe":200,"minecraft:baked_potato":14,"minecraft:wooden_pickaxe":11,"minecraft:warped_roots":8,"minecraft:crafting_table":2,"minecraft:diamond_pickaxe":76,"minecraft:iron_pickaxe":826,"minecraft:cobblestone":197,"minecraft:yellow_bed":2,"minecraft:oak_boat":19,"minecraft:bone_meal":26},"minecraft:picked_up":{"minecraft:iron_chestplate":1,"minecraft:crafting_table":4,"minecraft:string":1,"minecraft:iron_axe":2,"minecraft:flint_and_steel":1,"minecraft:iron_leggings":1,"minecraft:diamond_leggings":1,"minecraft:cobbled_deepslate":305,"minecraft:oak_boat":20,"minecraft:iron_boots":1,"minecraft:raw_iron":34,"minecraft:stick":8,"minecraft:end_stone":30,"minecraft:oak_door":1,"minecraft:torch":15,"minecraft:diorite":35,"minecraft:carrot":125,"minecraft:arrow":7,"minecraft:rotten_flesh":1,"minecraft:diamond_chestplate":1,"minecraft:diamond_boots":1,"minecraft:gold_ingot":2,"minecraft:blaze_rod":1,"minecraft:cobblestone":387,"minecraft:water_bucket":1,"minecraft:andesite":26,"minecraft:golden_leggings":1,"minecraft:potato":16,"minecraft:tuff":33,"minecraft:oak_log":4,"minecraft:yellow_bed":2,"minecraft:dirt":18,"minecraft:bone":5,"minecraft:raw_gold":15,"minecraft:iron_ingot":40,"minecraft:stone_pickaxe":1,"minecraft:diamond_helmet":1,"minecraft:iron_sword":2,"minecraft:oak_planks":18,"minecraft:stone_hoe":1,"minecraft:book":96,"minecraft:warped_fungus":1,"minecraft:white_bed":1,"minecraft:white_candle":1,"minecraft:diamond":56,"minecraft:iron_helmet":1,"minecraft:granite":15,"minecraft:bone_meal":2,"minecraft:golden_apple":2,"minecraft:warped_roots":12,"minecraft:baked_potato":123,"minecraft:netherrack":132,"minecraft:warped_nylium":4,"minecraft:coal":131,"minecraft:ender_pearl":11,"minecraft:diamond_pickaxe":1},"minecraft:dropped":{"minecraft:water_bucket":1,"minecraft:iron_ingot":21,"minecraft:warped_fungus":1,"minecraft:baked_potato":2,"minecraft:ender_pearl":3,"minecraft:diamond":27,"minecraft:crafting_table":1,"minecraft:warped_roots":4,"minecraft:granite":1,"minecraft:iron_pickaxe":1,"minecraft:string":1,"minecraft:oak_door":1,"minecraft:warped_nylium":3,"minecraft:blaze_rod":1,"minecraft:cobbled_deepslate":6,"minecraft:oak_planks":11,"minecraft:white_bed":1,"minecraft:potato":16,"minecraft:oak_boat":1,"minecraft:stone_pickaxe":2,"minecraft:wooden_pickaxe":1},"minecraft:crafted":{"minecraft:oak_planks":16,"minecraft:bone_meal":24,"minecraft:flint_and_steel":1,"minecraft:diamond_helmet":1,"minecraft:diamond_leggings":1,"minecraft:stone_pickaxe":2,"minecraft:diamond_boots":1,"minecraft:stone_hoe":1,"minecraft:crafting_table":1,"minecraft:wooden_pickaxe":1,"minecraft:air":0,"minecraft:diamond_pickaxe":1,"minecraft:golden_apple":2,"minecraft:stick":24,"minecraft:iron_ingot":34,"minecraft:iron_pickaxe":4,"minecraft:gold_ingot":17,"minecraft:torch":16,"minecraft:diamond_chestplate":1}},"DataVersion":3578}