{"stats":{"minecraft:broken":{"minecraft:stone_pickaxe":1,"minecraft:golden_axe":1,"minecraft:iron_axe":1,"minecraft:iron_pickaxe":5},"minecraft:mined":{"minecraft:tuff":70,"minecraft:white_bed":1,"minecraft:deepslate_diamond_ore":91,"minecraft:cobblestone_stairs":1,"minecraft:end_stone":11,"minecraft:granite":18,"minecraft:grass_block":7,"minecraft:cracked_polished_blackstone_bricks":23,"minecraft:soul_soil":28,"minecraft:polished_blackstone_bricks":65,"minecraft:carrots":34,"minecraft:nether_sprouts":2,"minecraft:iron_ore":34,"minecraft:cobbled_deepslate":53,"minecraft:fire":20,"minecraft:andesite":26,"minecraft:deepslate_lapis_ore":2,"minecraft:gold_block":10,"minecraft:bookshelf":16,"minecraft:dirt_path":1,"minecraft:stone":251,"minecraft:bone_block":8,"minecraft:soul_sand":6,"minecraft:blackstone":57,"minecraft:infested_stone_bricks":1,"minecraft:basalt":135,"minecraft:crafting_table":4,"minecraft:torch":5,"minecraft:warped_roots":4,"minecraft:chest":1,"minecraft:nether_quartz_ore":15,"minecraft:cobblestone":89,"minecraft:white_candle":1,"minecraft:deepslate_gold_ore":70,"minecraft:oak_planks":2,"minecraft:diorite":35,"minecraft:warped_wart_block":2,"minecraft:warped_nylium":3,"minecraft:yellow_bed":2,"minecraft:grass":2,"minecraft:oak_log":16,"minecraft:coal_ore":69,"minecraft:gravel":18,"minecraft:dirt":13,"minecraft:ancient_debris":32,"minecraft:netherrack":1287,"minecraft:oak_leaves":3,"minecraft:deepslate":536},"minecraft:killed":{"minecraft:skeleton":2,"minecraft:silverfish":1,"minecraft:piglin_brute":3,"minecraft:magma_cube":17,"minecraft:piglin":13,"minecraft:hoglin":3,"minecraft:creeper":1,"minecraft:zombie":1,"minecraft:ghast":1,"minecraft:wither_skeleton":3,"minecraft:enderman":8,"minecraft:blaze":4},"minecraft:crafted":{"minecraft:oak_planks":52,"minecraft:bone_meal":24,"minecraft:flint_and_steel":1,"minecraft:diamond_helmet":1,"minecraft:diamond_leggings":1,"minecraft:stone_pickaxe":2,"minecraft:chest":2,"minecraft:diamond_boots":1,"minecraft:netherite_scrap":32,"minecraft:stone_hoe":1,"minecraft:diamond_axe":1,"minecraft:crafting_table":1,"minecraft:wooden_pickaxe":1,"minecraft:gold_block":1,"minecraft:bucket":1,"minecraft:air":0,"minecraft:golden_apple":4,"minecraft:diamond_pickaxe":1,"minecraft:stick":28,"minecraft:iron_ingot":37,"minecraft:iron_pickaxe":6,"minecraft:gold_ingot":99,"minecraft:netherite_ingot":8,"minecraft:torch":16,"minecraft:diamond_chestplate":1},"minecraft:used":{"minecraft:chest":3,"minecraft:iron_sword":22,"minecraft:stone_hoe":5,"minecraft:netherrack":467,"minecraft:white_candle":1,"minecraft:torch":21,"minecraft:dirt":5,"minecraft:spyglass":9,"minecraft:carrot":96,"minecraft:granite":2,"minecraft:iron_axe":155,"minecraft:warped_nylium":1,"minecraft:basalt":2,"minecraft:soul_soil":7,"minecraft:cobbled_deepslate":335,"minecraft:golden_axe":9,"minecraft:stone_pickaxe":200,"minecraft:baked_potato":55,"minecraft:ender_pearl":2,"minecraft:blackstone":26,"minecraft:wooden_pickaxe":11,"minecraft:polished_blackstone_bricks":91,"minecraft:warped_roots":8,"minecraft:golden_apple":1,"minecraft:crafting_table":5,"minecraft:crossbow":22,"minecraft:oak_log":3,"minecraft:diamond_pickaxe":1475,"minecraft:cracked_polished_blackstone_bricks":39,"minecraft:iron_pickaxe":1326,"minecraft:diamond_sword":56,"minecraft:cobblestone":262,"minecraft:yellow_bed":3,"minecraft:oak_boat":19,"minecraft:bone_meal":26},"minecraft:custom":{"minecraft:mob_kills":60,"minecraft:interact_with_crafting_table":24,"minecraft:bell_ring":10,"minecraft:leave_game":12,"minecraft:time_since_death":201287,"minecraft:climb_one_cm":3149,"minecraft:sprint_one_cm":487492,"minecraft:walk_one_cm":895781,"minecraft:drop":91,"minecraft:play_time":320198,"minecraft:deaths":1,"minecraft:sneak_time":75788,"minecraft:walk_under_water_one_cm":502,"minecraft:boat_one_cm":5678,"minecraft:jump":4715,"minecraft:interact_with_brewingstand":1,"minecraft:interact_with_blast_furnace":68,"minecraft:walk_on_water_one_cm":992,"minecraft:total_world_time":320198,"minecraft:interact_with_furnace":1,"minecraft:sleep_in_bed":4,"minecraft:time_since_rest":58038,"minecraft:damage_absorbed":40,"minecraft:damage_taken":2808,"minecraft:damage_dealt":9565,"minecraft:swim_one_cm":3325,"minecraft:fly_one_cm":770412,"minecraft:open_chest":92,"minecraft:crouch_one_cm":212780,"minecraft:interact_with_smoker":4,"minecraft:fall_one_cm":67453,"minecraft:horse_one_cm":51649},"minecraft:picked_up":{"minecraft:iron_chestplate":1,"minecraft:crafting_table":7,"minecraft:diamond_sword":1,"minecraft:gold_block":10,"minecraft:shield":1,"minecraft:string":6,"minecraft:soul_soil":7,"minecraft:iron_axe":2,"minecraft:flint_and_steel":1,"minecraft:iron_leggings":1,"minecraft:blackstone":69,"minecraft:diamond_leggings":2,"minecraft:gold_nugget":7,"minecraft:cobbled_deepslate":696,"minecraft:oak_boat":20,"minecraft:written_book":1,"minecraft:netherite_upgrade_smithing_template":1,"minecraft:chest":1,"minecraft:iron_boots":1,"minecraft:raw_iron":34,"minecraft:stick":8,"minecraft:end_stone":30,"minecraft:oak_door":1,"minecraft:torch":16,"minecraft:polished_blackstone_bricks":155,"minecraft:golden_axe":2,"minecraft:diorite":35,"minecraft:carrot":125,"minecraft:arrow":18,"minecraft:diamond_chestplate":2,"minecraft:rotten_flesh":1,"minecraft:diamond_boots":2,"minecraft:gold_ingot":2,"minecraft:blaze_rod":1,"minecraft:bone_block":8,"minecraft:cobblestone":388,"minecraft:leather_chestplate":1,"minecraft:basalt":181,"minecraft:magma_cream":2,"minecraft:water_bucket":1,"minecraft:andesite":26,"minecraft:leather":1,"minecraft:golden_leggings":1,"minecraft:potato":16,"minecraft:flint":2,"minecraft:tuff":70,"minecraft:oak_log":28,"minecraft:ancient_debris":32,"minecraft:golden_boots":2,"minecraft:yellow_bed":3,"minecraft:gunpowder":2,"minecraft:dirt":19,"minecraft:bone":5,"minecraft:raw_gold":70,"minecraft:iron_ingot":40,"minecraft:stone_pickaxe":1,"minecraft:diamond_helmet":2,"minecraft:oak_planks":18,"minecraft:stone_hoe":3,"minecraft:iron_sword":2,"minecraft:soul_sand":1,"minecraft:book":96,"minecraft:warped_fungus":1,"minecraft:warped_wart_block":3,"minecraft:quartz":18,"minecraft:spyglass":1,"minecraft:gravel":15,"minecraft:white_bed":1,"minecraft:diamond_shovel":1,"minecraft:white_candle":1,"minecraft:diamond":93,"minecraft:crossbow":1,"minecraft:diamond_axe":1,"minecraft:cracked_polished_blackstone_bricks":73,"minecraft:iron_helmet":1,"minecraft:granite":15,"minecraft:bone_meal":2,"minecraft:golden_apple":2,"minecraft:warped_roots":13,"minecraft:baked_potato":182,"minecraft:netherrack":1112,"minecraft:warped_nylium":4,"minecraft:coal":131,"minecraft:ender_pearl":11,"minecraft:diamond_pickaxe":3},"minecraft:killed_by":{"minecraft:ender_dragon":1},"minecraft:dropped":{"minecraft:stone_hoe":3,"minecraft:enchanted_book":2,"minecraft:water_bucket":1,"minecraft:iron_ingot":21,"minecraft:warped_fungus":1,"minecraft:baked_potato":27,"minecraft:ender_pearl":3,"minecraft:diamond":27,"minecraft:crafting_table":1,"minecraft:warped_roots":5,"minecraft:granite":1,"minecraft:cracked_polished_blackstone_bricks":30,"minecraft:dirt":1,"minecraft:polished_blackstone_bricks":64,"minecraft:iron_pickaxe":1,"minecraft:string":1,"minecraft:oak_door":1,"minecraft:gravel":15,"minecraft:blackstone":43,"minecraft:warped_nylium":3,"minecraft:blaze_rod":1,"minecraft:cobbled_deepslate":6,"minecraft:oak_planks":11,"minecraft:white_bed":1,"minecraft:potato":16,"minecraft:diamond_pickaxe":1,"minecraft:oak_boat":1,"minecraft:stone_pickaxe":2,"minecraft:wooden_pickaxe":1,"minecraft:netherrack":510}},"DataVersion":3578}