{"stats":{"minecraft:killed_by":{"minecraft:ender_dragon":1,"minecraft:skeleton":3},"minecraft:broken":{"minecraft:stone_pickaxe":1,"minecraft:golden_axe":1,"minecraft:iron_axe":1,"minecraft:iron_pickaxe":5},"minecraft:killed":{"minecraft:evoker":1,"minecraft:vex":1,"minecraft:witch":2,"minecraft:vindicator":7,"minecraft:skeleton":9,"minecraft:silverfish":1,"minecraft:piglin_brute":3,"minecraft:magma_cube":17,"minecraft:piglin":13,"minecraft:hoglin":3,"minecraft:creeper":5,"minecraft:pillager":16,"minecraft:zombie":3,"minecraft:ghast":1,"minecraft:cow":1,"minecraft:wither_skeleton":3,"minecraft:blaze":4,"minecraft:enderman":8},"minecraft:crafted":{"minecraft:oak_planks":52,"minecraft:bone_meal":24,"minecraft:flint_and_steel":1,"minecraft:diamond_helmet":1,"minecraft:diamond_leggings":1,"minecraft:stone_pickaxe":2,"minecraft:chest":2,"minecraft:diamond_boots":1,"minecraft:netherite_scrap":32,"minecraft:dark_oak_planks":28,"minecraft:stone_hoe":1,"minecraft:wheat":180,"minecraft:diamond_axe":1,"minecraft:crafting_table":1,"minecraft:wooden_pickaxe":1,"minecraft:gold_block":1,"minecraft:bucket":1,"minecraft:bread":60,"minecraft:air":0,"minecraft:diamond_pickaxe":1,"minecraft:golden_apple":4,"minecraft:shield":1,"minecraft:stick":56,"minecraft:iron_ingot":37,"minecraft:iron_pickaxe":7,"minecraft:gold_ingot":99,"minecraft:netherite_ingot":8,"minecraft:torch":16,"minecraft:diamond_chestplate":1},"minecraft:picked_up":{"minecraft:crafting_table":9,"minecraft:iron_chestplate":1,"minecraft:ladder":2,"minecraft:anvil":1,"minecraft:redstone_lamp":1,"minecraft:diamond_sword":3,"minecraft:gold_block":10,"minecraft:potion":1,"minecraft:shield":1,"minecraft:cornflower":1,"minecraft:string":7,"minecraft:soul_soil":7,"minecraft:iron_axe":2,"minecraft:flint_and_steel":1,"minecraft:iron_leggings":1,"minecraft:sticky_piston":12,"minecraft:blackstone":69,"minecraft:diamond_leggings":2,"minecraft:gold_nugget":7,"minecraft:cobbled_deepslate":696,"minecraft:beef":2,"minecraft:oak_boat":20,"minecraft:written_book":1,"minecraft:netherite_upgrade_smithing_template":1,"minecraft:chest":1,"minecraft:iron_boots":1,"minecraft:egg":1,"minecraft:stick":8,"minecraft:raw_iron":34,"minecraft:end_stone":30,"minecraft:oak_door":1,"minecraft:torch":16,"minecraft:polished_blackstone_bricks":155,"minecraft:golden_axe":2,"minecraft:diorite":35,"minecraft:carrot":125,"minecraft:dark_oak_planks":2,"minecraft:rotten_flesh":6,"minecraft:arrow":42,"minecraft:diamond_chestplate":3,"minecraft:hay_block":84,"minecraft:diamond_boots":3,"minecraft:gold_ingot":13,"minecraft:blaze_rod":1,"minecraft:skeleton_skull":1,"minecraft:bone_block":8,"minecraft:cobblestone":388,"minecraft:enchanting_table":1,"minecraft:leather_chestplate":1,"minecraft:basalt":181,"minecraft:magma_cream":2,"minecraft:water_bucket":1,"minecraft:andesite":26,"minecraft:leather":1,"minecraft:golden_leggings":1,"minecraft:potato":16,"minecraft:flint":2,"minecraft:tuff":70,"minecraft:oak_log":28,"minecraft:ancient_debris":32,"minecraft:golden_boots":2,"minecraft:yellow_bed":3,"minecraft:gunpowder":11,"minecraft:dirt":25,"minecraft:white_banner":1,"minecraft:bone":11,"minecraft:wheat_seeds":10,"minecraft:raw_gold":70,"minecraft:iron_ingot":40,"minecraft:stone_pickaxe":1,"minecraft:glass_bottle":1,"minecraft:diamond_helmet":3,"minecraft:oak_planks":20,"minecraft:iron_sword":2,"minecraft:stone_hoe":3,"minecraft:soul_sand":1,"minecraft:book":96,"minecraft:warped_fungus":1,"minecraft:warped_wart_block":3,"minecraft:quartz":18,"minecraft:spyglass":1,"minecraft:gravel":56,"minecraft:white_bed":1,"minecraft:dark_oak_log":2,"minecraft:diamond_shovel":1,"minecraft:white_candle":1,"minecraft:bread":10,"minecraft:emerald":3,"minecraft:sugar":2,"minecraft:diamond":95,"minecraft:diamond_axe":1,"minecraft:iron_helmet":1,"minecraft:cracked_polished_blackstone_bricks":73,"minecraft:crossbow":1,"minecraft:granite":15,"minecraft:bone_meal":2,"minecraft:golden_apple":2,"minecraft:warped_roots":13,"minecraft:baked_potato":189,"minecraft:warped_nylium":4,"minecraft:damaged_anvil":1,"minecraft:netherrack":1288,"minecraft:coal":131,"minecraft:diamond_pickaxe":4,"minecraft:ender_pearl":11},"minecraft:custom":{"minecraft:mob_kills":101,"minecraft:interact_with_crafting_table":26,"minecraft:open_barrel":14,"minecraft:bell_ring":10,"minecraft:leave_game":15,"minecraft:time_since_death":38928,"minecraft:climb_one_cm":10689,"minecraft:sprint_one_cm":844499,"minecraft:walk_one_cm":1150280,"minecraft:damage_blocked_by_shield":420,"minecraft:drop":193,"minecraft:talked_to_villager":2,"minecraft:play_time":403370,"minecraft:deaths":4,"minecraft:sneak_time":80229,"minecraft:walk_under_water_one_cm":3647,"minecraft:boat_one_cm":38844,"minecraft:jump":6675,"minecraft:interact_with_brewingstand":2,"minecraft:interact_with_blast_furnace":68,"minecraft:walk_on_water_one_cm":6468,"minecraft:total_world_time":403370,"minecraft:interact_with_furnace":1,"minecraft:raid_trigger":1,"minecraft:sleep_in_bed":4,"minecraft:time_since_rest":38979,"minecraft:damage_taken":6779,"minecraft:damage_absorbed":200,"minecraft:damage_dealt":17475,"minecraft:player_kills":1,"minecraft:swim_one_cm":40248,"minecraft:fly_one_cm":1200947,"minecraft:open_chest":127,"minecraft:crouch_one_cm":229164,"minecraft:inspect_dispenser":4,"minecraft:interact_with_smoker":4,"minecraft:fall_one_cm":109825,"minecraft:horse_one_cm":51649},"minecraft:used":{"minecraft:chest":3,"minecraft:shield":6,"minecraft:iron_sword":22,"minecraft:stone_hoe":5,"minecraft:netherrack":514,"minecraft:white_candle":1,"minecraft:torch":21,"minecraft:dirt":7,"minecraft:spyglass":9,"minecraft:carrot":96,"minecraft:granite":2,"minecraft:iron_axe":155,"minecraft:warped_nylium":1,"minecraft:basalt":2,"minecraft:redstone_lamp":1,"minecraft:soul_soil":7,"minecraft:egg":1,"minecraft:cobbled_deepslate":335,"minecraft:golden_axe":9,"minecraft:water_bucket":5,"minecraft:stone_pickaxe":200,"minecraft:baked_potato":74,"minecraft:blackstone":26,"minecraft:ender_pearl":4,"minecraft:wooden_pickaxe":11,"minecraft:diamond_axe":116,"minecraft:warped_roots":8,"minecraft:polished_blackstone_bricks":91,"minecraft:golden_apple":5,"minecraft:crafting_table":6,"minecraft:crossbow":55,"minecraft:oak_log":3,"minecraft:diamond_pickaxe":1485,"minecraft:cracked_polished_blackstone_bricks":39,"minecraft:bread":53,"minecraft:iron_pickaxe":1326,"minecraft:diamond_sword":119,"minecraft:potion":1,"minecraft:cobblestone":262,"minecraft:white_banner":1,"minecraft:bucket":7,"minecraft:yellow_bed":3,"minecraft:oak_boat":19,"minecraft:bone_meal":26,"minecraft:experience_bottle":1},"minecraft:dropped":{"minecraft:enchanted_book":2,"minecraft:stone_hoe":3,"minecraft:water_bucket":1,"minecraft:bread":12,"minecraft:iron_ingot":21,"minecraft:wheat_seeds":10,"minecraft:warped_fungus":1,"minecraft:baked_potato":41,"minecraft:glass_bottle":1,"minecraft:ender_pearl":3,"minecraft:diamond":27,"minecraft:crafting_table":1,"minecraft:warped_roots":5,"minecraft:granite":1,"minecraft:cracked_polished_blackstone_bricks":30,"minecraft:dirt":1,"minecraft:cornflower":1,"minecraft:polished_blackstone_bricks":64,"minecraft:iron_pickaxe":1,"minecraft:string":1,"minecraft:oak_door":1,"minecraft:gravel":56,"minecraft:blackstone":43,"minecraft:warped_nylium":3,"minecraft:cobbled_deepslate":6,"minecraft:blaze_rod":1,"minecraft:sticky_piston":12,"minecraft:rotten_flesh":2,"minecraft:oak_planks":11,"minecraft:white_bed":1,"minecraft:recovery_compass":3,"minecraft:potato":16,"minecraft:diamond_chestplate":1,"minecraft:diamond_pickaxe":2,"minecraft:ladder":2,"minecraft:oak_boat":1,"minecraft:diamond_boots":1,"minecraft:wooden_pickaxe":1,"minecraft:beef":2,"minecraft:stone_pickaxe":2,"minecraft:netherrack":510},"minecraft:mined":{"minecraft:dark_oak_planks":2,"minecraft:tuff":70,"minecraft:white_bed":1,"minecraft:dark_oak_leaves":2,"minecraft:deepslate_diamond_ore":91,"minecraft:cobblestone_stairs":1,"minecraft:dark_oak_log":3,"minecraft:end_stone":11,"minecraft:granite":18,"minecraft:grass_block":9,"minecraft:cracked_polished_blackstone_bricks":23,"minecraft:soul_soil":28,"minecraft:spawner":1,"minecraft:hay_block":85,"minecraft:polished_blackstone_bricks":65,"minecraft:carrots":34,"minecraft:nether_sprouts":2,"minecraft:iron_ore":34,"minecraft:fire":20,"minecraft:cobbled_deepslate":53,"minecraft:andesite":27,"minecraft:anvil":1,"minecraft:deepslate_lapis_ore":2,"minecraft:enchanting_table":1,"minecraft:gold_block":10,"minecraft:bookshelf":16,"minecraft:dirt_path":1,"minecraft:stone":251,"minecraft:bone_block":8,"minecraft:tripwire":1,"minecraft:blackstone":57,"minecraft:soul_sand":6,"minecraft:infested_stone_bricks":1,"minecraft:basalt":135,"minecraft:crafting_table":5,"minecraft:torch":5,"minecraft:warped_roots":4,"minecraft:chest":1,"minecraft:nether_quartz_ore":15,"minecraft:cobblestone":89,"minecraft:white_candle":1,"minecraft:deepslate_gold_ore":70,"minecraft:oak_planks":3,"minecraft:damaged_anvil":1,"minecraft:diorite":35,"minecraft:warped_wart_block":2,"minecraft:warped_nylium":3,"minecraft:wheat":1,"minecraft:yellow_bed":2,"minecraft:grass":25,"minecraft:coal_ore":69,"minecraft:oak_log":16,"minecraft:red_mushroom_block":4,"minecraft:gravel":18,"minecraft:dirt":15,"minecraft:ancient_debris":32,"minecraft:netherrack":1287,"minecraft:oak_leaves":5,"minecraft:deepslate":536}},"DataVersion":3578}