{"stats":{"minecraft:broken":{"minecraft:iron_pickaxe":4},"minecraft:custom":{"minecraft:interact_with_crafting_table":75,"minecraft:bell_ring":104,"minecraft:leave_game":7,"minecraft:time_since_death":120098,"minecraft:sprint_one_cm":900155,"minecraft:damage_blocked_by_shield":2715,"minecraft:drop":155,"minecraft:talked_to_villager":4,"minecraft:play_time":550145,"minecraft:deaths":23,"minecraft:jump":6674,"minecraft:interact_with_brewingstand":5,"minecraft:walk_on_water_one_cm":68811,"minecraft:interact_with_furnace":70,"minecraft:sleep_in_bed":15,"minecraft:damage_dealt":20309,"minecraft:crouch_one_cm":398869,"minecraft:interact_with_smoker":91,"minecraft:horse_one_cm":803647,"minecraft:mob_kills":93,"minecraft:interact_with_anvil":6,"minecraft:climb_one_cm":1190,"minecraft:walk_one_cm":1098937,"minecraft:sneak_time":120537,"minecraft:walk_under_water_one_cm":86838,"minecraft:boat_one_cm":137994,"minecraft:interact_with_blast_furnace":15,"minecraft:total_world_time":550145,"minecraft:time_since_rest":9486,"minecraft:damage_taken":13636,"minecraft:swim_one_cm":232875,"minecraft:fly_one_cm":1131809,"minecraft:open_chest":265,"minecraft:fall_one_cm":177974},"minecraft:mined":{"minecraft:white_bed":7,"minecraft:obsidian":15,"minecraft:granite":12,"minecraft:grass_block":75,"minecraft:oxeye_daisy":1,"minecraft:glowstone":11,"minecraft:iron_ore":32,"minecraft:cobbled_deepslate":14,"minecraft:fire":5,"minecraft:deepslate_lapis_ore":5,"minecraft:azure_bluet":1,"minecraft:pointed_dripstone":4,"minecraft:dirt_path":2,"minecraft:oak_stairs":10,"minecraft:deepslate_brick_stairs":1,"minecraft:deepslate_redstone_ore":4,"minecraft:kelp_plant":2,"minecraft:amethyst_cluster":2,"minecraft:powder_snow":26,"minecraft:torch":13,"minecraft:calcite":1,"minecraft:chest":17,"minecraft:nether_quartz_ore":28,"minecraft:cobblestone":121,"minecraft:oak_planks":4,"minecraft:iron_door":1,"minecraft:wall_torch":15,"minecraft:seagrass":2,"minecraft:wheat":10,"minecraft:grass":73,"minecraft:oak_log":45,"minecraft:beetroots":1,"minecraft:sand":18,"minecraft:dirt":140,"minecraft:smooth_basalt":4,"minecraft:netherrack":185,"minecraft:oak_leaves":32,"minecraft:deepslate":833,"minecraft:suspicious_gravel":1,"minecraft:nether_gold_ore":4,"minecraft:tuff":80,"minecraft:mossy_cobblestone":2,"minecraft:deepslate_diamond_ore":31,"minecraft:oak_door":1,"minecraft:end_stone":24,"minecraft:nether_bricks":13,"minecraft:kelp":1,"minecraft:hay_block":11,"minecraft:furnace":5,"minecraft:carrots":19,"minecraft:nether_sprouts":10,"minecraft:snow":10,"minecraft:andesite":33,"minecraft:bell":1,"minecraft:bookshelf":8,"minecraft:potatoes":139,"minecraft:deepslate_iron_ore":61,"minecraft:packed_ice":4,"minecraft:stone":566,"minecraft:snow_block":13,"minecraft:crafting_table":4,"minecraft:warped_roots":25,"minecraft:tall_grass":8,"minecraft:copper_ore":10,"minecraft:lapis_ore":2,"minecraft:deepslate_gold_ore":22,"minecraft:sculk":1,"minecraft:diorite":41,"minecraft:warped_wart_block":4,"minecraft:gray_wool":50,"minecraft:brick_slab":1,"minecraft:birch_leaves":2,"minecraft:yellow_bed":2,"minecraft:coal_ore":100,"minecraft:gravel":56,"minecraft:dripstone_block":9,"minecraft:gray_carpet":2,"minecraft:cobweb":15,"minecraft:cracked_stone_bricks":2,"minecraft:mossy_stone_bricks":1,"minecraft:chipped_anvil":1,"minecraft:gold_ore":19},"minecraft:killed_by":{"minecraft:ravager":6,"minecraft:vindicator":6,"minecraft:zombie":1,"minecraft:warden":3,"minecraft:skeleton":4},"minecraft:killed":{"minecraft:witch":1,"minecraft:skeleton":10,"minecraft:magma_cube":4,"minecraft:piglin":1,"minecraft:pig":4,"minecraft:zombie_villager":1,"minecraft:creeper":2,"minecraft:sheep":12,"minecraft:pillager":9,"minecraft:zombie":11,"minecraft:cow":1,"minecraft:blaze":11,"minecraft:vindicator":2,"minecraft:horse":1,"minecraft:drowned":6,"minecraft:wither_skeleton":4,"minecraft:enderman":11},"minecraft:used":{"minecraft:iron_shovel":3,"minecraft:chest":12,"minecraft:shield":42,"minecraft:iron_sword":61,"minecraft:bell":1,"minecraft:iron_chestplate":8,"minecraft:carrot":15,"minecraft:tuff":6,"minecraft:snowball":58,"minecraft:packed_mud":3,"minecraft:iron_helmet":8,"minecraft:oak_sapling":4,"minecraft:furnace":7,"minecraft:egg":2,"minecraft:potato":95,"minecraft:diorite":27,"minecraft:stone_pickaxe":73,"minecraft:gray_carpet":28,"minecraft:oak_planks":5,"minecraft:ender_pearl":1,"minecraft:wooden_pickaxe":6,"minecraft:blast_furnace":3,"minecraft:end_stone":12,"minecraft:shears":49,"minecraft:deepslate_brick_stairs":1,"minecraft:bread":35,"minecraft:lectern":1,"minecraft:gravel":6,"minecraft:diamond_sword":162,"minecraft:andesite":9,"minecraft:oak_boat":11,"minecraft:coarse_dirt":1,"minecraft:air":1,"minecraft:bone_meal":198,"minecraft:experience_bottle":20,"minecraft:enchanting_table":1,"minecraft:stone_sword":34,"minecraft:sculk":2,"minecraft:netherrack":142,"minecraft:oak_door":3,"minecraft:torch":87,"minecraft:brewing_stand":1,"minecraft:dirt":173,"minecraft:spyglass":224,"minecraft:anvil":1,"minecraft:white_carpet":3,"minecraft:granite":8,"minecraft:chipped_anvil":1,"minecraft:bookshelf":13,"minecraft:iron_axe":141,"minecraft:oak_stairs":10,"minecraft:iron_boots":8,"minecraft:smooth_basalt":5,"minecraft:glowstone":11,"minecraft:cooked_beef":2,"minecraft:cobbled_deepslate":388,"minecraft:pointed_dripstone":1,"minecraft:iron_leggings":2,"minecraft:calcite":3,"minecraft:wheat_seeds":1,"minecraft:cooked_mutton":12,"minecraft:water_bucket":3,"minecraft:glass_bottle":4,"minecraft:baked_potato":89,"minecraft:crafting_table":7,"minecraft:white_bed":10,"minecraft:smoker":2,"minecraft:oak_log":9,"minecraft:ender_eye":4,"minecraft:diamond_pickaxe":736,"minecraft:oxeye_daisy":1,"minecraft:diamond_shovel":282,"minecraft:iron_pickaxe":1563,"minecraft:pink_petals":41,"minecraft:cobblestone":535,"minecraft:potion":1,"minecraft:cooked_porkchop":10,"minecraft:bucket":4,"minecraft:yellow_bed":2,"minecraft:brush":62,"minecraft:diamond_leggings":8,"minecraft:gray_wool":10,"minecraft:splash_potion":2,"minecraft:sculk_catalyst":1},"minecraft:picked_up":{"minecraft:iron_chestplate":16,"minecraft:wheat":2,"minecraft:flower_pot":1,"minecraft:lead":2,"minecraft:diamond_sword":2,"minecraft:oak_stairs":10,"minecraft:potion":1,"minecraft:enchanted_book":8,"minecraft:amethyst_block":2,"minecraft:music_disc_cat":3,"minecraft:string":14,"minecraft:raw_copper":110,"minecraft:oak_hanging_sign":1,"minecraft:iron_leggings":7,"minecraft:experience_bottle":30,"minecraft:beetroot":1,"minecraft:diamond_leggings":13,"minecraft:gold_nugget":12,"minecraft:cobbled_deepslate":842,"minecraft:ender_eye":4,"minecraft:calcite":3,"minecraft:iron_pickaxe":32,"minecraft:enchanted_golden_apple":3,"minecraft:iron_boots":15,"minecraft:furnace":5,"minecraft:stick":60,"minecraft:torch":106,"minecraft:porkchop":10,"minecraft:pointed_dripstone":41,"minecraft:diorite":107,"minecraft:stone_sword":3,"minecraft:rotten_flesh":30,"minecraft:glowstone":11,"minecraft:bookshelf":8,"minecraft:white_terracotta":3,"minecraft:spruce_hanging_sign":1,"minecraft:blaze_rod":6,"minecraft:deepslate_brick_stairs":2,"minecraft:obsidian":15,"minecraft:snowball":58,"minecraft:cobblestone":1717,"minecraft:pink_petals":41,"minecraft:magma_cream":1,"minecraft:iron_door":1,"minecraft:water_bucket":3,"minecraft:andesite":49,"minecraft:potato":396,"minecraft:flint":9,"minecraft:tuff":105,"minecraft:lapis_lazuli":71,"minecraft:dirt":238,"minecraft:disc_fragment_5":6,"minecraft:name_tag":9,"minecraft:leather_boots":5,"minecraft:bone":134,"minecraft:chipped_anvil":1,"minecraft:bow":2,"minecraft:wheat_seeds":25,"minecraft:raw_gold":54,"minecraft:bell":3,"minecraft:mossy_stone_bricks":1,"minecraft:diamond_helmet":2,"minecraft:oak_planks":28,"minecraft:cooked_porkchop":7,"minecraft:music_disc_13":2,"minecraft:warped_wart_block":5,"minecraft:poisonous_potato":2,"minecraft:sand":6,"minecraft:dead_bush":2,"minecraft:mossy_cobblestone":4,"minecraft:sugar":3,"minecraft:diamond":83,"minecraft:yellow_stained_glass_pane":1,"minecraft:crossbow":4,"minecraft:granite":34,"minecraft:golden_apple":11,"minecraft:emerald":18,"minecraft:bread":46,"minecraft:plenty_pottery_sherd":1,"minecraft:oak_sapling":4,"minecraft:netherrack":225,"minecraft:oak_leaves":2,"minecraft:diamond_pickaxe":5,"minecraft:coarse_dirt":1,"minecraft:crafting_table":5,"minecraft:mourner_pottery_sherd":2,"minecraft:wooden_pickaxe":7,"minecraft:diamond_horse_armor":4,"minecraft:shield":18,"minecraft:iron_axe":19,"minecraft:white_carpet":9,"minecraft:iron_shovel":8,"minecraft:cracked_stone_bricks":2,"minecraft:beef":1,"minecraft:music_disc_otherside":2,"minecraft:echo_shard":55,"minecraft:oak_boat":12,"minecraft:poppy":6,"minecraft:chest":31,"minecraft:egg":3,"minecraft:raw_iron":116,"minecraft:orange_dye":2,"minecraft:end_stone":24,"minecraft:oak_door":3,"minecraft:carrot":32,"minecraft:arrow":36,"minecraft:diamond_chestplate":1,"minecraft:beetroot_seeds":3,"minecraft:nether_bricks":13,"minecraft:shears":5,"minecraft:diamond_boots":2,"minecraft:hay_block":13,"minecraft:saddle":1,"minecraft:gold_ingot":16,"minecraft:glow_berries":90,"minecraft:mutton":22,"minecraft:white_wool":14,"minecraft:oxeye_daisy":1,"minecraft:glow_ink_sac":3,"minecraft:leather":1,"minecraft:packed_mud":3,"minecraft:oak_log":45,"minecraft:yellow_bed":2,"minecraft:gunpowder":32,"minecraft:cobblestone_stairs":1,"minecraft:heart_pottery_sherd":2,"minecraft:wooden_hoe":1,"minecraft:white_banner":2,"minecraft:cooked_mutton":63,"minecraft:apple":15,"minecraft:gray_carpet":42,"minecraft:kelp":17,"minecraft:iron_ingot":168,"minecraft:stone_pickaxe":5,"minecraft:iron_sword":4,"minecraft:book":23,"minecraft:sculk_catalyst":1,"minecraft:smooth_basalt":5,"minecraft:sculk":47,"minecraft:brush":1,"minecraft:quartz":28,"minecraft:spyglass":1,"minecraft:light_blue_glazed_terracotta":1,"minecraft:dripstone_block":25,"minecraft:gravel":105,"minecraft:lava_bucket":2,"minecraft:amethyst_shard":108,"minecraft:soul_torch":33,"minecraft:white_bed":11,"minecraft:brick_slab":1,"minecraft:diamond_shovel":4,"minecraft:sculk_sensor":1,"minecraft:iron_helmet":14,"minecraft:gray_wool":39,"minecraft:warped_roots":21,"minecraft:baked_potato":913,"minecraft:warped_nylium":6,"minecraft:coal":189,"minecraft:ender_pearl":9},"minecraft:dropped":{"minecraft:iron_sword":1,"minecraft:orange_dye":2,"minecraft:baked_potato":147,"minecraft:ender_pearl":5,"minecraft:diamond":45,"minecraft:crossbow":2,"minecraft:saddle":1,"minecraft:dirt":27,"minecraft:amethyst_shard":17,"minecraft:bone_meal":6,"minecraft:iron_pickaxe":6,"minecraft:bone":36,"minecraft:gravel":26,"minecraft:cobbled_deepslate":99,"minecraft:pointed_dripstone":18,"minecraft:oak_planks":37,"minecraft:echo_shard":7,"minecraft:gunpowder":2,"minecraft:leather_boots":1,"minecraft:chest":3,"minecraft:heart_pottery_sherd":2,"minecraft:arrow":5,"minecraft:water_bucket":1,"minecraft:enchanted_book":1,"minecraft:bread":20,"minecraft:wheat_seeds":7,"minecraft:mourner_pottery_sherd":1,"minecraft:mossy_cobblestone":2,"minecraft:iron_helmet":1,"minecraft:cobblestone":97,"minecraft:apple":6,"minecraft:granite":6,"minecraft:spruce_hanging_sign":1,"minecraft:gray_wool":2,"minecraft:diorite":18,"minecraft:torch":1,"minecraft:iron_leggings":3,"minecraft:dead_bush":2,"minecraft:white_banner":1,"minecraft:iron_axe":4,"minecraft:music_disc_cat":1,"minecraft:warped_nylium":1,"minecraft:light_blue_glazed_terracotta":1,"minecraft:blaze_rod":3,"minecraft:stone_sword":3,"minecraft:white_carpet":18,"minecraft:iron_boots":1,"minecraft:name_tag":3,"minecraft:potato":22,"minecraft:flower_pot":1,"minecraft:iron_chestplate":1,"minecraft:andesite":9,"minecraft:bow":2,"minecraft:stone_pickaxe":5,"minecraft:wooden_pickaxe":5},"minecraft:crafted":{"minecraft:oak_planks":92,"minecraft:smooth_stone":12,"minecraft:blaze_powder":2,"minecraft:stone":12,"minecraft:diamond_shovel":1,"minecraft:bookshelf":5,"minecraft:cooked_mutton":22,"minecraft:glass":3,"minecraft:diamond_helmet":1,"minecraft:iron_boots":1,"minecraft:chest":2,"minecraft:smoker":2,"minecraft:glass_bottle":3,"minecraft:cooked_porkchop":10,"minecraft:crafting_table":3,"minecraft:iron_helmet":1,"minecraft:wooden_pickaxe":1,"minecraft:baked_potato":237,"minecraft:brewing_stand":1,"minecraft:iron_chestplate":1,"minecraft:diamond_pickaxe":3,"minecraft:shield":2,"minecraft:stick":52,"minecraft:iron_ingot":95,"minecraft:iron_pickaxe":6,"minecraft:iron_block":3,"minecraft:stone_sword":1,"minecraft:gold_ingot":44,"minecraft:gray_carpet":27,"minecraft:furnace":8,"minecraft:blast_furnace":3,"minecraft:bone_meal":204,"minecraft:white_carpet":12,"minecraft:iron_axe":2,"minecraft:stone_pickaxe":1,"minecraft:diamond_boots":1,"minecraft:wheat":117,"minecraft:cooked_beef":1,"minecraft:diamond_sword":1,"minecraft:enchanting_table":1,"minecraft:iron_sword":1,"minecraft:bucket":1,"minecraft:bread":39,"minecraft:air":0,"minecraft:golden_apple":3,"minecraft:iron_leggings":1,"minecraft:anvil":1,"minecraft:white_bed":1,"minecraft:torch":24,"minecraft:diamond_chestplate":1}},"DataVersion":3578}