{"stats":{"minecraft:crafted":{"minecraft:grindstone":1,"minecraft:oak_planks":688,"minecraft:smooth_stone":12,"minecraft:blaze_powder":4,"minecraft:stone":42,"minecraft:diamond_shovel":1,"minecraft:bookshelf":30,"minecraft:cooked_mutton":22,"minecraft:iron_bars":16,"minecraft:glass":3,"minecraft:diamond_helmet":3,"minecraft:diamond_leggings":1,"minecraft:iron_boots":4,"minecraft:chest":3,"minecraft:oak_button":1,"minecraft:netherite_upgrade_smithing_template":4,"minecraft:rail":32,"minecraft:ender_eye":1,"minecraft:golden_boots":1,"minecraft:smoker":2,"minecraft:glass_bottle":3,"minecraft:emerald":58,"minecraft:cooked_porkchop":10,"minecraft:diamond_axe":1,"minecraft:crafting_table":4,"minecraft:baked_potato":360,"minecraft:wooden_pickaxe":1,"minecraft:iron_helmet":4,"minecraft:smithing_table":1,"minecraft:birch_planks":84,"minecraft:brewing_stand":1,"minecraft:iron_chestplate":4,"minecraft:golden_leggings":1,"minecraft:diamond_pickaxe":8,"minecraft:shield":3,"minecraft:stick":1572,"minecraft:stone_slab":2,"minecraft:iron_ingot":100,"minecraft:iron_pickaxe":7,"minecraft:iron_block":12,"minecraft:stone_sword":1,"minecraft:gold_ingot":119,"minecraft:gray_carpet":27,"minecraft:netherite_ingot":1,"minecraft:golden_carrot":60,"minecraft:cherry_planks":304,"minecraft:oak_door":3,"minecraft:furnace":8,"minecraft:blast_furnace":4,"minecraft:bone_meal":294,"minecraft:white_carpet":12,"minecraft:netherite_leggings":1,"minecraft:iron_axe":3,"minecraft:stone_pickaxe":1,"minecraft:diamond_boots":2,"minecraft:netherite_scrap":5,"minecraft:minecart":1,"minecraft:wheat":216,"minecraft:cooked_beef":1,"minecraft:diamond_sword":5,"minecraft:enchanting_table":1,"minecraft:iron_sword":1,"minecraft:bucket":2,"minecraft:enchanted_book":1,"minecraft:bread":72,"minecraft:air":0,"minecraft:golden_apple":3,"minecraft:acacia_sign":3,"minecraft:gold_nugget":486,"minecraft:iron_leggings":4,"minecraft:anvil":3,"minecraft:white_bed":1,"minecraft:acacia_planks":52,"minecraft:torch":32,"minecraft:diamond_chestplate":3},"minecraft:picked_up":{"minecraft:shulker_shell":5,"minecraft:iron_chestplate":16,"minecraft:wheat":2,"minecraft:flower_pot":4,"minecraft:lead":3,"minecraft:diamond_sword":9,"minecraft:oak_stairs":11,"minecraft:potion":3,"minecraft:enchanted_book":15,"minecraft:amethyst_block":2,"minecraft:polished_deepslate":1,"minecraft:music_disc_cat":3,"minecraft:string":31,"minecraft:raw_copper":110,"minecraft:oak_hanging_sign":1,"minecraft:iron_leggings":8,"minecraft:sticky_piston":12,"minecraft:experience_bottle":30,"minecraft:zombie_head":1,"minecraft:beetroot":1,"minecraft:diamond_leggings":13,"minecraft:deepslate_tiles":1,"minecraft:gold_nugget":25,"minecraft:cobbled_deepslate":3088,"minecraft:acacia_sign":2,"minecraft:ender_eye":4,"minecraft:written_book":1,"minecraft:calcite":3,"minecraft:iron_pickaxe":34,"minecraft:enchanted_golden_apple":4,"minecraft:iron_boots":15,"minecraft:furnace":5,"minecraft:golden_helmet":1,"minecraft:stick":73,"minecraft:purpur_pillar":2,"minecraft:torch":138,"minecraft:acacia_log":18,"minecraft:porkchop":15,"minecraft:cherry_log":76,"minecraft:pointed_dripstone":41,"minecraft:diorite":107,"minecraft:stone_sword":3,"minecraft:rotten_flesh":67,"minecraft:honey_bottle":4,"minecraft:end_rod":1,"minecraft:glowstone":11,"minecraft:bookshelf":8,"minecraft:white_terracotta":3,"minecraft:spruce_hanging_sign":1,"minecraft:blaze_rod":6,"minecraft:deepslate_brick_stairs":2,"minecraft:obsidian":15,"minecraft:snowball":58,"minecraft:cobblestone":1787,"minecraft:birch_log":27,"minecraft:enchanting_table":2,"minecraft:pink_petals":41,"minecraft:magma_block":1,"minecraft:magma_cream":2,"minecraft:cherry_planks":2,"minecraft:iron_door":6,"minecraft:water_bucket":3,"minecraft:andesite":52,"minecraft:golden_leggings":1,"minecraft:chiseled_quartz_block":1,"minecraft:smoker":6,"minecraft:potato":563,"minecraft:flint":27,"minecraft:tuff":207,"minecraft:acacia_boat":1,"minecraft:lapis_lazuli":84,"minecraft:dirt":490,"minecraft:disc_fragment_5":6,"minecraft:name_tag":11,"minecraft:leather_boots":5,"minecraft:bone":160,"minecraft:chipped_anvil":2,"minecraft:acacia_planks":21,"minecraft:stonecutter":1,"minecraft:bow":2,"minecraft:wheat_seeds":40,"minecraft:raw_gold":64,"minecraft:bell":3,"minecraft:grindstone":1,"minecraft:mossy_stone_bricks":3,"minecraft:diamond_helmet":3,"minecraft:glowstone_dust":6,"minecraft:oak_planks":33,"minecraft:stone_hoe":3,"minecraft:cooked_porkchop":13,"minecraft:music_disc_13":2,"minecraft:warped_wart_block":5,"minecraft:poisonous_potato":2,"minecraft:sand":6,"minecraft:dead_bush":6,"minecraft:mossy_cobblestone":4,"minecraft:light_gray_concrete":1,"minecraft:end_stone_bricks":2,"minecraft:chorus_fruit":8,"minecraft:sugar":3,"minecraft:diamond":213,"minecraft:yellow_stained_glass_pane":1,"minecraft:cracked_polished_blackstone_bricks":61,"minecraft:crossbow":4,"minecraft:granite":43,"minecraft:golden_apple":13,"minecraft:emerald":22,"minecraft:bread":46,"minecraft:plenty_pottery_sherd":1,"minecraft:oak_sapling":8,"minecraft:netherrack":1652,"minecraft:oak_leaves":2,"minecraft:diamond_pickaxe":12,"minecraft:mud":1,"minecraft:coarse_dirt":1,"minecraft:crafting_table":6,"minecraft:nether_wart":4,"minecraft:ladder":70,"minecraft:redstone_lamp":1,"minecraft:mourner_pottery_sherd":2,"minecraft:wooden_pickaxe":7,"minecraft:gold_block":3,"minecraft:diamond_horse_armor":4,"minecraft:purpur_block":2,"minecraft:shield":22,"minecraft:cornflower":2,"minecraft:elytra":2,"minecraft:iron_axe":21,"minecraft:white_carpet":9,"minecraft:iron_shovel":9,"minecraft:blackstone":157,"minecraft:cracked_stone_bricks":2,"minecraft:cartography_table":1,"minecraft:echo_shard":55,"minecraft:music_disc_otherside":2,"minecraft:beef":1,"minecraft:oak_boat":17,"minecraft:poppy":70,"minecraft:lectern":32,"minecraft:chest":32,"minecraft:egg":5,"minecraft:raw_iron":134,"minecraft:orange_dye":2,"minecraft:end_stone":87,"minecraft:oak_door":6,"minecraft:note_block":1,"minecraft:polished_blackstone_bricks":81,"minecraft:carrot":158,"minecraft:redstone":87,"minecraft:dark_oak_planks":21,"minecraft:arrow":61,"minecraft:diamond_chestplate":3,"minecraft:beetroot_seeds":3,"minecraft:nether_bricks":13,"minecraft:shears":5,"minecraft:diamond_boots":4,"minecraft:hay_block":38,"minecraft:saddle":2,"minecraft:gold_ingot":19,"minecraft:glow_berries":90,"minecraft:mutton":30,"minecraft:white_wool":15,"minecraft:bone_block":10,"minecraft:oxeye_daisy":1,"minecraft:basalt":98,"minecraft:glow_ink_sac":3,"minecraft:leather":3,"minecraft:packed_mud":3,"minecraft:purpur_stairs":1,"minecraft:oak_log":204,"minecraft:golden_boots":2,"minecraft:yellow_bed":2,"minecraft:gunpowder":37,"minecraft:cobblestone_stairs":2,"minecraft:heart_pottery_sherd":2,"minecraft:wooden_hoe":1,"minecraft:white_banner":3,"minecraft:cooked_mutton":63,"minecraft:apple":15,"minecraft:gray_carpet":42,"minecraft:kelp":17,"minecraft:iron_ingot":210,"minecraft:stone_pickaxe":5,"minecraft:iron_sword":7,"minecraft:soul_sand":12,"minecraft:book":470,"minecraft:sculk_catalyst":1,"minecraft:smooth_basalt":5,"minecraft:sculk":47,"minecraft:brush":1,"minecraft:quartz":50,"minecraft:dandelion":1,"minecraft:spyglass":1,"minecraft:light_blue_glazed_terracotta":1,"minecraft:dripstone_block":25,"minecraft:gravel":304,"minecraft:lava_bucket":2,"minecraft:amethyst_shard":108,"minecraft:soul_torch":33,"minecraft:blast_furnace":1,"minecraft:white_bed":13,"minecraft:sea_lantern":2,"minecraft:spider_eye":1,"minecraft:brick_slab":1,"minecraft:diamond_shovel":5,"minecraft:sculk_sensor":1,"minecraft:purple_bed":5,"minecraft:slime_ball":11,"minecraft:iron_helmet":14,"minecraft:diamond_axe":2,"minecraft:cherry_sapling":1,"minecraft:gray_wool":44,"minecraft:warped_roots":21,"minecraft:baked_potato":965,"minecraft:damaged_anvil":1,"minecraft:warped_nylium":6,"minecraft:coal":310,"minecraft:ender_pearl":171},"minecraft:mined":{"minecraft:white_bed":9,"minecraft:cherry_log":77,"minecraft:obsidian":15,"minecraft:granite":12,"minecraft:potted_dead_bush":1,"minecraft:acacia_log":12,"minecraft:grass_block":91,"minecraft:cracked_polished_blackstone_bricks":51,"minecraft:soul_soil":11,"minecraft:nether_wart":1,"minecraft:oxeye_daisy":1,"minecraft:polished_blackstone_bricks":69,"minecraft:magma_block":2,"minecraft:glowstone":11,"minecraft:cobbled_deepslate":24,"minecraft:iron_ore":41,"minecraft:fire":6,"minecraft:deepslate_lapis_ore":5,"minecraft:azure_bluet":1,"minecraft:enchanting_table":2,"minecraft:pointed_dripstone":4,"minecraft:dirt_path":2,"minecraft:oak_stairs":11,"minecraft:light_gray_concrete":1,"minecraft:deepslate_brick_stairs":1,"minecraft:end_stone_bricks":2,"minecraft:white_banner":1,"minecraft:tripwire":1,"minecraft:deepslate_redstone_ore":16,"minecraft:blackstone":89,"minecraft:kelp_plant":2,"minecraft:twisting_vines_plant":2,"minecraft:smoker":6,"minecraft:soul_fire":2,"minecraft:amethyst_cluster":2,"minecraft:purpur_stairs":1,"minecraft:powder_snow":37,"minecraft:chiseled_quartz_block":1,"minecraft:torch":24,"minecraft:note_block":1,"minecraft:blast_furnace":1,"minecraft:calcite":1,"minecraft:chest":18,"minecraft:nether_quartz_ore":41,"minecraft:cobblestone":130,"minecraft:grindstone":1,"minecraft:oak_planks":8,"minecraft:damaged_anvil":1,"minecraft:iron_door":2,"minecraft:wall_torch":27,"minecraft:seagrass":2,"minecraft:warped_nylium":4,"minecraft:mud":1,"minecraft:birch_log":27,"minecraft:wheat":10,"minecraft:purpur_block":2,"minecraft:grass":132,"minecraft:oak_log":210,"minecraft:beetroots":1,"minecraft:sand":18,"minecraft:dirt":163,"minecraft:smooth_basalt":4,"minecraft:stonecutter":1,"minecraft:netherrack":951,"minecraft:oak_leaves":51,"minecraft:deepslate":2123,"minecraft:redstone_lamp":2,"minecraft:suspicious_gravel":1,"minecraft:deepslate_tiles":1,"minecraft:nether_gold_ore":4,"minecraft:tuff":182,"minecraft:mossy_cobblestone":2,"minecraft:deepslate_diamond_ore":76,"minecraft:oak_door":1,"minecraft:sea_lantern":2,"minecraft:end_stone":76,"minecraft:nether_bricks":13,"minecraft:ladder":3,"minecraft:cartography_table":1,"minecraft:kelp":1,"minecraft:hay_block":16,"minecraft:furnace":5,"minecraft:carrots":38,"minecraft:nether_sprouts":10,"minecraft:snow":10,"minecraft:andesite":36,"minecraft:gold_block":3,"minecraft:bell":1,"minecraft:polished_deepslate":1,"minecraft:bookshelf":157,"minecraft:potatoes":168,"minecraft:deepslate_iron_ore":65,"minecraft:packed_ice":4,"minecraft:chorus_plant":1,"minecraft:stone":573,"minecraft:bone_block":10,"minecraft:glass_pane":1,"minecraft:cherry_planks":1,"minecraft:soul_sand":13,"minecraft:snow_block":13,"minecraft:basalt":127,"minecraft:crafting_table":5,"minecraft:cornflower":1,"minecraft:warped_roots":25,"minecraft:lectern":33,"minecraft:purpur_pillar":4,"minecraft:tall_grass":15,"minecraft:copper_ore":10,"minecraft:deepslate_gold_ore":27,"minecraft:lapis_ore":2,"minecraft:sculk":1,"minecraft:diorite":41,"minecraft:warped_wart_block":6,"minecraft:gray_wool":50,"minecraft:purple_bed":5,"minecraft:coarse_dirt":1,"minecraft:brick_slab":1,"minecraft:birch_leaves":3,"minecraft:bee_nest":1,"minecraft:yellow_bed":2,"minecraft:end_rod":2,"minecraft:coal_ore":153,"minecraft:cherry_leaves":1,"minecraft:zombie_head":1,"minecraft:gravel":140,"minecraft:dripstone_block":9,"minecraft:gray_carpet":2,"minecraft:cobweb":25,"minecraft:cracked_stone_bricks":2,"minecraft:gold_ore":19,"minecraft:mossy_stone_bricks":1,"minecraft:chipped_anvil":2,"minecraft:acacia_wall_sign":1},"minecraft:broken":{"minecraft:diamond_pickaxe":1,"minecraft:iron_pickaxe":4},"minecraft:used":{"minecraft:cherry_sapling":1,"minecraft:iron_shovel":3,"minecraft:polished_deepslate":1,"minecraft:ladder":60,"minecraft:chest":17,"minecraft:shield":62,"minecraft:iron_sword":62,"minecraft:nether_wart":3,"minecraft:bell":1,"minecraft:iron_chestplate":10,"minecraft:soul_sand":17,"minecraft:carrot":37,"minecraft:tuff":46,"minecraft:snowball":58,"minecraft:packed_mud":3,"minecraft:iron_helmet":12,"minecraft:redstone_lamp":6,"minecraft:hay_block":2,"minecraft:written_book":1,"minecraft:furnace":7,"minecraft:oak_sapling":7,"minecraft:egg":2,"minecraft:potato":125,"minecraft:diorite":27,"minecraft:stone_pickaxe":73,"minecraft:blackstone":64,"minecraft:gray_carpet":28,"minecraft:oak_planks":5,"minecraft:ender_pearl":11,"minecraft:wooden_pickaxe":6,"minecraft:purpur_pillar":2,"minecraft:diamond_axe":228,"minecraft:blast_furnace":5,"minecraft:shears":49,"minecraft:end_stone":75,"minecraft:deepslate_brick_stairs":1,"minecraft:deepslate_tiles":1,"minecraft:bread":68,"minecraft:lectern":33,"minecraft:gravel":14,"minecraft:diamond_sword":850,"minecraft:smithing_table":1,"minecraft:andesite":12,"minecraft:oak_boat":11,"minecraft:air":1,"minecraft:coarse_dirt":1,"minecraft:bone_meal":288,"minecraft:experience_bottle":22,"minecraft:enchanting_table":3,"minecraft:stone_sword":34,"minecraft:redstone":1,"minecraft:sculk":2,"minecraft:netherrack":628,"minecraft:oak_door":5,"minecraft:torch":113,"minecraft:brewing_stand":1,"minecraft:dirt":201,"minecraft:spyglass":224,"minecraft:anvil":1,"minecraft:white_carpet":3,"minecraft:granite":9,"minecraft:sea_lantern":1,"minecraft:chipped_anvil":2,"minecraft:bookshelf":38,"minecraft:oak_stairs":11,"minecraft:iron_axe":365,"minecraft:iron_boots":11,"minecraft:smooth_basalt":5,"minecraft:basalt":96,"minecraft:glowstone":16,"minecraft:golden_carrot":7,"minecraft:cooked_beef":2,"minecraft:acacia_planks":35,"minecraft:cobbled_deepslate":667,"minecraft:enchanted_golden_apple":1,"minecraft:iron_leggings":5,"minecraft:pointed_dripstone":1,"minecraft:calcite":3,"minecraft:wheat_seeds":1,"minecraft:cooked_mutton":12,"minecraft:acacia_boat":1,"minecraft:water_bucket":29,"minecraft:cobblestone_stairs":1,"minecraft:glass_bottle":4,"minecraft:baked_potato":243,"minecraft:cherry_planks":1,"minecraft:stonecutter":1,"minecraft:polished_blackstone_bricks":17,"minecraft:gilded_blackstone":5,"minecraft:crafting_table":9,"minecraft:white_bed":12,"minecraft:smoker":8,"minecraft:oak_log":20,"minecraft:mud":1,"minecraft:diamond_pickaxe":3549,"minecraft:ender_eye":4,"minecraft:oxeye_daisy":1,"minecraft:diamond_shovel":335,"minecraft:acacia_sign":1,"minecraft:cracked_polished_blackstone_bricks":1,"minecraft:iron_pickaxe":1606,"minecraft:pink_petals":41,"minecraft:cobblestone":550,"minecraft:potion":1,"minecraft:purple_bed":4,"minecraft:white_banner":1,"minecraft:cooked_porkchop":10,"minecraft:bucket":32,"minecraft:yellow_bed":2,"minecraft:splash_potion":2,"minecraft:brush":62,"minecraft:gray_wool":10,"minecraft:sculk_catalyst":1,"minecraft:diamond_leggings":8},"minecraft:dropped":{"minecraft:iron_sword":6,"minecraft:birch_planks":2,"minecraft:orange_dye":2,"minecraft:diamond_axe":1,"minecraft:baked_potato":169,"minecraft:ender_pearl":6,"minecraft:diamond":45,"minecraft:netherite_upgrade_smithing_template":1,"minecraft:crossbow":2,"minecraft:saddle":1,"minecraft:flint":5,"minecraft:cracked_polished_blackstone_bricks":30,"minecraft:dirt":139,"minecraft:cornflower":2,"minecraft:amethyst_shard":17,"minecraft:bone_meal":6,"minecraft:polished_blackstone_bricks":64,"minecraft:iron_pickaxe":7,"minecraft:gold_ingot":2,"minecraft:bone":37,"minecraft:oak_door":4,"minecraft:gravel":184,"minecraft:purpur_block":1,"minecraft:blackstone":56,"minecraft:cobbled_deepslate":1009,"minecraft:pointed_dripstone":18,"minecraft:rotten_flesh":23,"minecraft:oak_planks":37,"minecraft:carrot":104,"minecraft:echo_shard":7,"minecraft:poppy":265,"minecraft:sea_lantern":1,"minecraft:gunpowder":7,"minecraft:leather_boots":1,"minecraft:ladder":2,"minecraft:chest":3,"minecraft:heart_pottery_sherd":2,"minecraft:arrow":17,"minecraft:bread":20,"minecraft:netherrack":688,"minecraft:iron_ingot":16,"minecraft:quartz":16,"minecraft:written_book":2,"minecraft:enchanted_book":2,"minecraft:egg":1,"minecraft:stone_hoe":2,"minecraft:water_bucket":1,"minecraft:golden_boots":1,"minecraft:wheat_seeds":11,"minecraft:mourner_pottery_sherd":1,"minecraft:mossy_cobblestone":2,"minecraft:diamond_leggings":1,"minecraft:iron_helmet":1,"minecraft:cobblestone":149,"minecraft:apple":6,"minecraft:granite":15,"minecraft:acacia_log":5,"minecraft:coal":18,"minecraft:end_rod":1,"minecraft:acacia_sign":1,"minecraft:spruce_hanging_sign":1,"minecraft:gray_wool":5,"minecraft:diorite":18,"minecraft:torch":1,"minecraft:iron_door":4,"minecraft:diamond_helmet":2,"minecraft:dead_bush":6,"minecraft:iron_leggings":3,"minecraft:white_banner":1,"minecraft:iron_axe":6,"minecraft:iron_shovel":1,"minecraft:string":8,"minecraft:acacia_planks":13,"minecraft:music_disc_cat":1,"minecraft:redstone":31,"minecraft:warped_nylium":1,"minecraft:light_blue_glazed_terracotta":1,"minecraft:stone_sword":3,"minecraft:blaze_rod":3,"minecraft:tuff":56,"minecraft:white_carpet":18,"minecraft:iron_boots":1,"minecraft:name_tag":4,"minecraft:diamond_sword":3,"minecraft:potato":22,"minecraft:oak_button":1,"minecraft:shield":2,"minecraft:flower_pot":3,"minecraft:diamond_chestplate":2,"minecraft:diamond_pickaxe":5,"minecraft:iron_chestplate":1,"minecraft:andesite":9,"minecraft:mossy_stone_bricks":1,"minecraft:oak_boat":2,"minecraft:diamond_boots":1,"minecraft:stone_pickaxe":5,"minecraft:bow":2,"minecraft:wooden_pickaxe":5},"minecraft:custom":{"minecraft:interact_with_crafting_table":141,"minecraft:open_barrel":15,"minecraft:bell_ring":124,"minecraft:leave_game":18,"minecraft:time_since_death":19300,"minecraft:damage_resisted":111,"minecraft:sprint_one_cm":1964873,"minecraft:damage_blocked_by_shield":4260,"minecraft:drop":465,"minecraft:play_noteblock":2,"minecraft:talked_to_villager":82,"minecraft:play_time":1117006,"minecraft:deaths":66,"minecraft:jump":14282,"minecraft:interact_with_brewingstand":9,"minecraft:walk_on_water_one_cm":91432,"minecraft:enchant_item":16,"minecraft:interact_with_furnace":75,"minecraft:traded_with_villager":59,"minecraft:sleep_in_bed":27,"minecraft:damage_dealt":42928,"minecraft:player_kills":1,"minecraft:crouch_one_cm":699058,"minecraft:interact_with_smoker":132,"minecraft:horse_one_cm":1284097,"minecraft:interact_with_smithing_table":5,"minecraft:mob_kills":2037,"minecraft:interact_with_anvil":22,"minecraft:climb_one_cm":63926,"minecraft:walk_one_cm":2155490,"minecraft:damage_dealt_absorbed":30,"minecraft:sneak_time":216735,"minecraft:walk_under_water_one_cm":118734,"minecraft:boat_one_cm":177886,"minecraft:interact_with_blast_furnace":48,"minecraft:total_world_time":1117006,"minecraft:interact_with_grindstone":5,"minecraft:interact_with_stonecutter":7,"minecraft:time_since_rest":19320,"minecraft:damage_taken":33175,"minecraft:damage_absorbed":160,"minecraft:swim_one_cm":314273,"minecraft:fly_one_cm":2543373,"minecraft:open_chest":701,"minecraft:aviate_one_cm":18533,"minecraft:fall_one_cm":371086},"minecraft:killed":{"minecraft:witch":4,"minecraft:spider":3,"minecraft:shulker":5,"minecraft:skeleton":32,"minecraft:bee":1,"minecraft:magma_cube":28,"minecraft:piglin":2,"minecraft:pig":5,"minecraft:zombie_villager":2,"minecraft:ender_dragon":1,"minecraft:creeper":4,"minecraft:sheep":12,"minecraft:pillager":17,"minecraft:zombie":30,"minecraft:blaze":11,"minecraft:cow":1,"minecraft:vindicator":2,"minecraft:horse":1,"minecraft:drowned":6,"minecraft:wither_skeleton":4,"minecraft:enderman":1860},"minecraft:killed_by":{"minecraft:zombie_villager":17,"minecraft:piglin_brute":1,"minecraft:ravager":6,"minecraft:vindicator":6,"minecraft:piglin":5,"minecraft:zombie":13,"minecraft:player":1,"minecraft:ender_dragon":2,"minecraft:warden":3,"minecraft:skeleton":7}},"DataVersion":3578}