{"stats":{"minecraft:killed_by":{"minecraft:piglin_brute":1,"minecraft:ravager":6,"minecraft:vindicator":6,"minecraft:zombie":1,"minecraft:player":1,"minecraft:ender_dragon":2,"minecraft:warden":3,"minecraft:skeleton":5},"minecraft:broken":{"minecraft:diamond_pickaxe":1,"minecraft:iron_pickaxe":4},"minecraft:killed":{"minecraft:witch":4,"minecraft:skeleton":32,"minecraft:bee":1,"minecraft:magma_cube":28,"minecraft:piglin":2,"minecraft:pig":4,"minecraft:zombie_villager":1,"minecraft:ender_dragon":1,"minecraft:creeper":4,"minecraft:sheep":12,"minecraft:pillager":17,"minecraft:zombie":15,"minecraft:blaze":11,"minecraft:cow":1,"minecraft:vindicator":2,"minecraft:horse":1,"minecraft:drowned":6,"minecraft:wither_skeleton":4,"minecraft:enderman":15},"minecraft:crafted":{"minecraft:oak_planks":688,"minecraft:smooth_stone":12,"minecraft:blaze_powder":2,"minecraft:stone":12,"minecraft:diamond_shovel":1,"minecraft:bookshelf":30,"minecraft:cooked_mutton":22,"minecraft:glass":3,"minecraft:diamond_helmet":1,"minecraft:iron_boots":1,"minecraft:chest":3,"minecraft:netherite_upgrade_smithing_template":4,"minecraft:golden_boots":1,"minecraft:smoker":2,"minecraft:glass_bottle":3,"minecraft:emerald":46,"minecraft:cooked_porkchop":10,"minecraft:diamond_axe":1,"minecraft:crafting_table":4,"minecraft:wooden_pickaxe":1,"minecraft:baked_potato":360,"minecraft:iron_helmet":1,"minecraft:smithing_table":1,"minecraft:birch_planks":84,"minecraft:brewing_stand":1,"minecraft:iron_chestplate":1,"minecraft:golden_leggings":1,"minecraft:diamond_pickaxe":6,"minecraft:shield":3,"minecraft:stick":1564,"minecraft:iron_ingot":100,"minecraft:iron_pickaxe":6,"minecraft:iron_block":3,"minecraft:stone_sword":1,"minecraft:gold_ingot":119,"minecraft:gray_carpet":27,"minecraft:netherite_ingot":1,"minecraft:golden_carrot":60,"minecraft:cherry_planks":300,"minecraft:oak_door":3,"minecraft:furnace":8,"minecraft:blast_furnace":4,"minecraft:bone_meal":294,"minecraft:white_carpet":12,"minecraft:netherite_leggings":1,"minecraft:iron_axe":3,"minecraft:stone_pickaxe":1,"minecraft:diamond_boots":1,"minecraft:netherite_scrap":5,"minecraft:wheat":117,"minecraft:cooked_beef":1,"minecraft:diamond_sword":4,"minecraft:enchanting_table":1,"minecraft:iron_sword":1,"minecraft:bucket":1,"minecraft:enchanted_book":1,"minecraft:bread":39,"minecraft:air":0,"minecraft:golden_apple":3,"minecraft:gold_nugget":486,"minecraft:iron_leggings":1,"minecraft:anvil":1,"minecraft:white_bed":1,"minecraft:acacia_planks":48,"minecraft:torch":32,"minecraft:diamond_chestplate":1},"minecraft:picked_up":{"minecraft:iron_chestplate":16,"minecraft:wheat":2,"minecraft:flower_pot":4,"minecraft:lead":3,"minecraft:diamond_sword":3,"minecraft:oak_stairs":11,"minecraft:enchanted_book":12,"minecraft:potion":3,"minecraft:amethyst_block":2,"minecraft:polished_deepslate":1,"minecraft:music_disc_cat":3,"minecraft:string":26,"minecraft:raw_copper":110,"minecraft:oak_hanging_sign":1,"minecraft:iron_leggings":7,"minecraft:sticky_piston":12,"minecraft:experience_bottle":30,"minecraft:beetroot":1,"minecraft:diamond_leggings":13,"minecraft:deepslate_tiles":1,"minecraft:gold_nugget":25,"minecraft:cobbled_deepslate":2036,"minecraft:calcite":3,"minecraft:written_book":1,"minecraft:ender_eye":4,"minecraft:iron_pickaxe":33,"minecraft:enchanted_golden_apple":4,"minecraft:iron_boots":15,"minecraft:furnace":5,"minecraft:stick":72,"minecraft:torch":137,"minecraft:acacia_log":17,"minecraft:porkchop":12,"minecraft:cherry_log":75,"minecraft:pointed_dripstone":41,"minecraft:diorite":107,"minecraft:stone_sword":3,"minecraft:rotten_flesh":40,"minecraft:honey_bottle":1,"minecraft:glowstone":11,"minecraft:bookshelf":8,"minecraft:white_terracotta":3,"minecraft:spruce_hanging_sign":1,"minecraft:blaze_rod":6,"minecraft:deepslate_brick_stairs":2,"minecraft:obsidian":15,"minecraft:snowball":58,"minecraft:cobblestone":1747,"minecraft:birch_log":27,"minecraft:enchanting_table":2,"minecraft:pink_petals":41,"minecraft:magma_block":1,"minecraft:magma_cream":2,"minecraft:iron_door":5,"minecraft:water_bucket":3,"minecraft:andesite":52,"minecraft:golden_leggings":1,"minecraft:chiseled_quartz_block":1,"minecraft:smoker":6,"minecraft:potato":558,"minecraft:flint":27,"minecraft:tuff":201,"minecraft:acacia_boat":1,"minecraft:dirt":486,"minecraft:lapis_lazuli":75,"minecraft:disc_fragment_5":6,"minecraft:name_tag":11,"minecraft:leather_boots":5,"minecraft:bone":160,"minecraft:chipped_anvil":2,"minecraft:acacia_planks":13,"minecraft:stonecutter":1,"minecraft:bow":2,"minecraft:wheat_seeds":37,"minecraft:raw_gold":64,"minecraft:bell":3,"minecraft:grindstone":1,"minecraft:mossy_stone_bricks":3,"minecraft:diamond_helmet":3,"minecraft:glowstone_dust":6,"minecraft:stone_hoe":3,"minecraft:oak_planks":33,"minecraft:cooked_porkchop":13,"minecraft:music_disc_13":2,"minecraft:warped_wart_block":5,"minecraft:poisonous_potato":2,"minecraft:sand":6,"minecraft:dead_bush":6,"minecraft:mossy_cobblestone":4,"minecraft:light_gray_concrete":1,"minecraft:sugar":3,"minecraft:diamond":108,"minecraft:yellow_stained_glass_pane":1,"minecraft:cracked_polished_blackstone_bricks":61,"minecraft:crossbow":4,"minecraft:granite":43,"minecraft:golden_apple":13,"minecraft:bread":46,"minecraft:emerald":22,"minecraft:plenty_pottery_sherd":1,"minecraft:oak_sapling":8,"minecraft:netherrack":1652,"minecraft:oak_leaves":2,"minecraft:diamond_pickaxe":9,"minecraft:coarse_dirt":1,"minecraft:mud":1,"minecraft:crafting_table":6,"minecraft:ladder":6,"minecraft:nether_wart":4,"minecraft:redstone_lamp":1,"minecraft:mourner_pottery_sherd":2,"minecraft:wooden_pickaxe":7,"minecraft:gold_block":3,"minecraft:diamond_horse_armor":4,"minecraft:shield":20,"minecraft:cornflower":2,"minecraft:iron_axe":21,"minecraft:white_carpet":9,"minecraft:iron_shovel":9,"minecraft:blackstone":157,"minecraft:cracked_stone_bricks":2,"minecraft:music_disc_otherside":2,"minecraft:echo_shard":55,"minecraft:beef":1,"minecraft:oak_boat":17,"minecraft:poppy":6,"minecraft:lectern":32,"minecraft:chest":32,"minecraft:egg":5,"minecraft:raw_iron":128,"minecraft:orange_dye":2,"minecraft:end_stone":24,"minecraft:oak_door":6,"minecraft:note_block":1,"minecraft:polished_blackstone_bricks":81,"minecraft:carrot":120,"minecraft:redstone":87,"minecraft:arrow":61,"minecraft:diamond_chestplate":2,"minecraft:beetroot_seeds":3,"minecraft:nether_bricks":13,"minecraft:shears":5,"minecraft:diamond_boots":3,"minecraft:hay_block":18,"minecraft:saddle":2,"minecraft:gold_ingot":19,"minecraft:glow_berries":90,"minecraft:mutton":24,"minecraft:white_wool":14,"minecraft:bone_block":10,"minecraft:oxeye_daisy":1,"minecraft:basalt":98,"minecraft:glow_ink_sac":3,"minecraft:leather":3,"minecraft:packed_mud":3,"minecraft:oak_log":204,"minecraft:golden_boots":1,"minecraft:yellow_bed":2,"minecraft:gunpowder":37,"minecraft:cobblestone_stairs":2,"minecraft:heart_pottery_sherd":2,"minecraft:wooden_hoe":1,"minecraft:white_banner":3,"minecraft:cooked_mutton":63,"minecraft:apple":15,"minecraft:gray_carpet":42,"minecraft:kelp":17,"minecraft:iron_ingot":173,"minecraft:stone_pickaxe":5,"minecraft:iron_sword":4,"minecraft:soul_sand":12,"minecraft:book":470,"minecraft:sculk_catalyst":1,"minecraft:smooth_basalt":5,"minecraft:sculk":47,"minecraft:brush":1,"minecraft:quartz":50,"minecraft:dandelion":1,"minecraft:spyglass":1,"minecraft:light_blue_glazed_terracotta":1,"minecraft:dripstone_block":25,"minecraft:gravel":304,"minecraft:lava_bucket":2,"minecraft:amethyst_shard":108,"minecraft:soul_torch":33,"minecraft:blast_furnace":1,"minecraft:white_bed":13,"minecraft:brick_slab":1,"minecraft:diamond_shovel":4,"minecraft:sculk_sensor":1,"minecraft:purple_bed":3,"minecraft:iron_helmet":14,"minecraft:diamond_axe":1,"minecraft:cherry_sapling":1,"minecraft:gray_wool":44,"minecraft:warped_roots":21,"minecraft:baked_potato":965,"minecraft:damaged_anvil":1,"minecraft:warped_nylium":6,"minecraft:coal":310,"minecraft:ender_pearl":15},"minecraft:custom":{"minecraft:interact_with_crafting_table":113,"minecraft:open_barrel":14,"minecraft:bell_ring":122,"minecraft:leave_game":14,"minecraft:time_since_death":21465,"minecraft:sprint_one_cm":1659206,"minecraft:damage_blocked_by_shield":3960,"minecraft:drop":314,"minecraft:play_noteblock":2,"minecraft:talked_to_villager":59,"minecraft:play_time":932559,"minecraft:deaths":28,"minecraft:jump":11987,"minecraft:interact_with_brewingstand":8,"minecraft:walk_on_water_one_cm":83580,"minecraft:enchant_item":8,"minecraft:interact_with_furnace":73,"minecraft:traded_with_villager":47,"minecraft:sleep_in_bed":25,"minecraft:damage_dealt":33642,"minecraft:player_kills":1,"minecraft:crouch_one_cm":654782,"minecraft:interact_with_smoker":132,"minecraft:horse_one_cm":1140532,"minecraft:interact_with_smithing_table":5,"minecraft:mob_kills":163,"minecraft:interact_with_anvil":17,"minecraft:climb_one_cm":27092,"minecraft:walk_one_cm":1886901,"minecraft:damage_dealt_absorbed":30,"minecraft:sneak_time":194568,"minecraft:walk_under_water_one_cm":112308,"minecraft:boat_one_cm":177886,"minecraft:interact_with_blast_furnace":45,"minecraft:total_world_time":932559,"minecraft:interact_with_grindstone":1,"minecraft:interact_with_stonecutter":2,"minecraft:time_since_rest":21490,"minecraft:damage_taken":19939,"minecraft:swim_one_cm":267447,"minecraft:fly_one_cm":2101446,"minecraft:open_chest":555,"minecraft:fall_one_cm":307825},"minecraft:used":{"minecraft:cherry_sapling":1,"minecraft:iron_shovel":3,"minecraft:polished_deepslate":1,"minecraft:ladder":3,"minecraft:chest":17,"minecraft:shield":57,"minecraft:iron_sword":61,"minecraft:nether_wart":3,"minecraft:bell":1,"minecraft:iron_chestplate":8,"minecraft:soul_sand":17,"minecraft:carrot":37,"minecraft:tuff":43,"minecraft:snowball":58,"minecraft:packed_mud":3,"minecraft:iron_helmet":8,"minecraft:redstone_lamp":6,"minecraft:hay_block":2,"minecraft:written_book":1,"minecraft:furnace":7,"minecraft:oak_sapling":7,"minecraft:egg":2,"minecraft:potato":120,"minecraft:diorite":27,"minecraft:stone_pickaxe":73,"minecraft:blackstone":64,"minecraft:gray_carpet":28,"minecraft:oak_planks":5,"minecraft:ender_pearl":3,"minecraft:wooden_pickaxe":6,"minecraft:diamond_axe":210,"minecraft:blast_furnace":5,"minecraft:shears":49,"minecraft:end_stone":12,"minecraft:deepslate_brick_stairs":1,"minecraft:deepslate_tiles":1,"minecraft:bread":35,"minecraft:lectern":33,"minecraft:gravel":14,"minecraft:diamond_sword":455,"minecraft:smithing_table":1,"minecraft:andesite":12,"minecraft:oak_boat":11,"minecraft:air":1,"minecraft:coarse_dirt":1,"minecraft:bone_meal":288,"minecraft:experience_bottle":22,"minecraft:enchanting_table":3,"minecraft:stone_sword":34,"minecraft:redstone":1,"minecraft:sculk":2,"minecraft:netherrack":628,"minecraft:oak_door":5,"minecraft:torch":113,"minecraft:brewing_stand":1,"minecraft:dirt":200,"minecraft:spyglass":224,"minecraft:anvil":1,"minecraft:white_carpet":3,"minecraft:granite":9,"minecraft:chipped_anvil":2,"minecraft:bookshelf":38,"minecraft:oak_stairs":11,"minecraft:iron_axe":365,"minecraft:iron_boots":8,"minecraft:smooth_basalt":5,"minecraft:basalt":96,"minecraft:glowstone":16,"minecraft:cooked_beef":2,"minecraft:acacia_planks":35,"minecraft:cobbled_deepslate":658,"minecraft:iron_leggings":2,"minecraft:pointed_dripstone":1,"minecraft:calcite":3,"minecraft:wheat_seeds":1,"minecraft:cooked_mutton":12,"minecraft:acacia_boat":1,"minecraft:water_bucket":29,"minecraft:cobblestone_stairs":1,"minecraft:glass_bottle":4,"minecraft:baked_potato":233,"minecraft:stonecutter":1,"minecraft:polished_blackstone_bricks":17,"minecraft:gilded_blackstone":5,"minecraft:crafting_table":9,"minecraft:white_bed":12,"minecraft:smoker":8,"minecraft:oak_log":20,"minecraft:mud":1,"minecraft:diamond_pickaxe":3191,"minecraft:ender_eye":4,"minecraft:oxeye_daisy":1,"minecraft:diamond_shovel":335,"minecraft:cracked_polished_blackstone_bricks":1,"minecraft:iron_pickaxe":1563,"minecraft:pink_petals":41,"minecraft:cobblestone":549,"minecraft:potion":1,"minecraft:purple_bed":2,"minecraft:white_banner":1,"minecraft:cooked_porkchop":10,"minecraft:bucket":31,"minecraft:yellow_bed":2,"minecraft:brush":62,"minecraft:gray_wool":10,"minecraft:splash_potion":2,"minecraft:sculk_catalyst":1,"minecraft:diamond_leggings":8},"minecraft:mined":{"minecraft:white_bed":9,"minecraft:cherry_log":76,"minecraft:obsidian":15,"minecraft:granite":12,"minecraft:potted_dead_bush":1,"minecraft:acacia_log":12,"minecraft:grass_block":88,"minecraft:cracked_polished_blackstone_bricks":51,"minecraft:soul_soil":11,"minecraft:nether_wart":1,"minecraft:oxeye_daisy":1,"minecraft:polished_blackstone_bricks":69,"minecraft:magma_block":2,"minecraft:glowstone":11,"minecraft:cobbled_deepslate":24,"minecraft:iron_ore":37,"minecraft:fire":5,"minecraft:deepslate_lapis_ore":5,"minecraft:azure_bluet":1,"minecraft:enchanting_table":2,"minecraft:pointed_dripstone":4,"minecraft:dirt_path":2,"minecraft:oak_stairs":11,"minecraft:light_gray_concrete":1,"minecraft:deepslate_brick_stairs":1,"minecraft:white_banner":1,"minecraft:tripwire":1,"minecraft:deepslate_redstone_ore":16,"minecraft:blackstone":89,"minecraft:kelp_plant":2,"minecraft:twisting_vines_plant":2,"minecraft:smoker":6,"minecraft:soul_fire":2,"minecraft:amethyst_cluster":2,"minecraft:powder_snow":26,"minecraft:chiseled_quartz_block":1,"minecraft:torch":24,"minecraft:note_block":1,"minecraft:blast_furnace":1,"minecraft:calcite":1,"minecraft:chest":18,"minecraft:nether_quartz_ore":41,"minecraft:cobblestone":130,"minecraft:grindstone":1,"minecraft:oak_planks":8,"minecraft:damaged_anvil":1,"minecraft:iron_door":2,"minecraft:wall_torch":27,"minecraft:seagrass":2,"minecraft:warped_nylium":4,"minecraft:mud":1,"minecraft:birch_log":27,"minecraft:wheat":10,"minecraft:grass":102,"minecraft:oak_log":210,"minecraft:beetroots":1,"minecraft:sand":18,"minecraft:dirt":162,"minecraft:smooth_basalt":4,"minecraft:stonecutter":1,"minecraft:netherrack":951,"minecraft:oak_leaves":51,"minecraft:deepslate":1839,"minecraft:redstone_lamp":2,"minecraft:suspicious_gravel":1,"minecraft:nether_gold_ore":4,"minecraft:deepslate_tiles":1,"minecraft:tuff":176,"minecraft:mossy_cobblestone":2,"minecraft:deepslate_diamond_ore":41,"minecraft:oak_door":1,"minecraft:end_stone":24,"minecraft:nether_bricks":13,"minecraft:ladder":3,"minecraft:kelp":1,"minecraft:hay_block":16,"minecraft:furnace":5,"minecraft:carrots":38,"minecraft:nether_sprouts":10,"minecraft:snow":10,"minecraft:andesite":36,"minecraft:gold_block":3,"minecraft:bell":1,"minecraft:polished_deepslate":1,"minecraft:bookshelf":157,"minecraft:potatoes":167,"minecraft:deepslate_iron_ore":63,"minecraft:packed_ice":4,"minecraft:stone":572,"minecraft:bone_block":10,"minecraft:glass_pane":1,"minecraft:soul_sand":13,"minecraft:snow_block":13,"minecraft:basalt":127,"minecraft:crafting_table":5,"minecraft:cornflower":1,"minecraft:warped_roots":25,"minecraft:lectern":33,"minecraft:tall_grass":11,"minecraft:copper_ore":10,"minecraft:deepslate_gold_ore":27,"minecraft:lapis_ore":2,"minecraft:sculk":1,"minecraft:diorite":41,"minecraft:warped_wart_block":6,"minecraft:gray_wool":50,"minecraft:purple_bed":3,"minecraft:coarse_dirt":1,"minecraft:brick_slab":1,"minecraft:birch_leaves":3,"minecraft:bee_nest":1,"minecraft:yellow_bed":2,"minecraft:coal_ore":153,"minecraft:cherry_leaves":1,"minecraft:gravel":140,"minecraft:dripstone_block":9,"minecraft:gray_carpet":2,"minecraft:cobweb":25,"minecraft:cracked_stone_bricks":2,"minecraft:gold_ore":19,"minecraft:mossy_stone_bricks":1,"minecraft:chipped_anvil":2},"minecraft:dropped":{"minecraft:iron_sword":1,"minecraft:birch_planks":2,"minecraft:orange_dye":2,"minecraft:diamond_axe":1,"minecraft:baked_potato":169,"minecraft:ender_pearl":6,"minecraft:diamond":45,"minecraft:netherite_upgrade_smithing_template":1,"minecraft:crossbow":2,"minecraft:saddle":1,"minecraft:flint":5,"minecraft:cracked_polished_blackstone_bricks":30,"minecraft:dirt":139,"minecraft:cornflower":2,"minecraft:amethyst_shard":17,"minecraft:bone_meal":6,"minecraft:polished_blackstone_bricks":64,"minecraft:iron_pickaxe":7,"minecraft:gold_ingot":2,"minecraft:bone":37,"minecraft:oak_door":4,"minecraft:gravel":184,"minecraft:blackstone":56,"minecraft:cobbled_deepslate":945,"minecraft:pointed_dripstone":18,"minecraft:rotten_flesh":7,"minecraft:oak_planks":37,"minecraft:echo_shard":7,"minecraft:gunpowder":7,"minecraft:leather_boots":1,"minecraft:ladder":2,"minecraft:chest":3,"minecraft:heart_pottery_sherd":2,"minecraft:arrow":17,"minecraft:bread":20,"minecraft:netherrack":688,"minecraft:quartz":16,"minecraft:written_book":1,"minecraft:enchanted_book":2,"minecraft:egg":1,"minecraft:stone_hoe":2,"minecraft:water_bucket":1,"minecraft:golden_boots":1,"minecraft:wheat_seeds":9,"minecraft:mourner_pottery_sherd":1,"minecraft:mossy_cobblestone":2,"minecraft:diamond_leggings":1,"minecraft:iron_helmet":1,"minecraft:cobblestone":110,"minecraft:apple":6,"minecraft:granite":15,"minecraft:acacia_log":5,"minecraft:coal":18,"minecraft:spruce_hanging_sign":1,"minecraft:gray_wool":5,"minecraft:diorite":18,"minecraft:torch":1,"minecraft:iron_door":4,"minecraft:diamond_helmet":1,"minecraft:dead_bush":6,"minecraft:iron_leggings":3,"minecraft:white_banner":1,"minecraft:iron_axe":6,"minecraft:iron_shovel":1,"minecraft:string":8,"minecraft:acacia_planks":13,"minecraft:music_disc_cat":1,"minecraft:redstone":31,"minecraft:warped_nylium":1,"minecraft:light_blue_glazed_terracotta":1,"minecraft:stone_sword":3,"minecraft:blaze_rod":3,"minecraft:tuff":56,"minecraft:white_carpet":18,"minecraft:iron_boots":1,"minecraft:name_tag":3,"minecraft:potato":22,"minecraft:shield":2,"minecraft:flower_pot":3,"minecraft:diamond_chestplate":1,"minecraft:iron_chestplate":1,"minecraft:andesite":9,"minecraft:mossy_stone_bricks":1,"minecraft:oak_boat":2,"minecraft:diamond_boots":1,"minecraft:stone_pickaxe":5,"minecraft:bow":2,"minecraft:wooden_pickaxe":5}},"DataVersion":3578}