{"stats":{"minecraft:crafted":{"minecraft:smooth_stone":3,"minecraft:chainmail_helmet":2,"minecraft:oak_sign":9,"minecraft:blaze_powder":12,"minecraft:diamond_shovel":3,"minecraft:bookshelf":20,"minecraft:cooked_mutton":27,"minecraft:glass":43,"minecraft:diamond_helmet":2,"minecraft:diamond_leggings":2,"minecraft:gray_bed":9,"minecraft:emerald":105,"minecraft:cooked_porkchop":4,"minecraft:diamond_axe":4,"minecraft:copper_ingot":6,"minecraft:fletching_table":2,"minecraft:chiseled_deepslate":1,"minecraft:iron_pickaxe":6,"minecraft:gold_ingot":14,"minecraft:composter":4,"minecraft:stone_shovel":10,"minecraft:spyglass":2,"minecraft:bone_meal":240,"minecraft:white_carpet":3,"minecraft:cherry_trapdoor":10,"minecraft:ladder":78,"minecraft:stone_pickaxe":1,"minecraft:diamond_boots":3,"minecraft:wheat":387,"minecraft:golden_apple":1,"minecraft:iron_shovel":3,"minecraft:iron_leggings":2,"minecraft:white_bed":2,"minecraft:oak_planks":788,"minecraft:stone":9,"minecraft:hopper":15,"minecraft:iron_boots":3,"minecraft:chest":27,"minecraft:ender_eye":11,"minecraft:golden_boots":1,"minecraft:smoker":5,"minecraft:oak_slab":36,"minecraft:crafting_table":13,"minecraft:wooden_pickaxe":1,"minecraft:baked_potato":301,"minecraft:iron_helmet":13,"minecraft:brush":2,"minecraft:birch_planks":24,"minecraft:iron_chestplate":3,"minecraft:diamond_pickaxe":3,"minecraft:emerald_block":1,"minecraft:shield":10,"minecraft:stick":1772,"minecraft:iron_ingot":85,"minecraft:stone_sword":1,"minecraft:gray_carpet":270,"minecraft:shears":5,"minecraft:cherry_planks":1048,"minecraft:cobbled_deepslate_slab":6,"minecraft:redstone":18,"minecraft:leather_boots":2,"minecraft:furnace":5,"minecraft:blast_furnace":1,"minecraft:piston":1,"minecraft:oak_trapdoor":20,"minecraft:flint_and_steel":2,"minecraft:iron_axe":3,"minecraft:cooked_beef":24,"minecraft:diamond_sword":2,"minecraft:iron_sword":2,"minecraft:bucket":5,"minecraft:stone_axe":1,"minecraft:acacia_boat":2,"minecraft:bread":129,"minecraft:air":0,"minecraft:oak_boat":6,"minecraft:stonecutter":2,"minecraft:acacia_planks":24,"minecraft:torch":216,"minecraft:diamond_chestplate":2},"minecraft:picked_up":{"minecraft:iron_chestplate":12,"minecraft:anvil":2,"minecraft:flower_pot":2,"minecraft:lead":3,"minecraft:smithing_table":1,"minecraft:diamond_sword":27,"minecraft:enchanted_book":21,"minecraft:brewing_stand":3,"minecraft:amethyst_block":1,"minecraft:music_disc_cat":4,"minecraft:string":7,"minecraft:diamond_leggings":17,"minecraft:gold_nugget":36,"minecraft:cobbled_deepslate":1314,"minecraft:acacia_sign":1,"minecraft:written_book":3,"minecraft:composter":2,"minecraft:purpur_pillar":6,"minecraft:acacia_log":11,"minecraft:cherry_log":262,"minecraft:stone_sword":3,"minecraft:honey_bottle":31,"minecraft:white_terracotta":5,"minecraft:blaze_rod":11,"minecraft:magma_block":1,"minecraft:cooked_beef":60,"minecraft:feather":2,"minecraft:water_bucket":17,"minecraft:iron_door":11,"minecraft:cherry_leaves":148,"minecraft:brown_wool":1,"minecraft:smoker":5,"minecraft:flint":32,"minecraft:disc_fragment_5":8,"minecraft:stonecutter":2,"minecraft:diamond_helmet":13,"minecraft:glowstone_dust":3,"minecraft:warped_wart_block":2,"minecraft:dark_oak_log":16,"minecraft:red_terracotta":3,"minecraft:white_candle":27,"minecraft:blue_terracotta":1,"minecraft:granite":27,"minecraft:bread":131,"minecraft:chainmail_helmet":2,"minecraft:diamond_pickaxe":17,"minecraft:crafting_table":32,"minecraft:coarse_dirt":9,"minecraft:redstone_lamp":13,"minecraft:purpur_block":13,"minecraft:cornflower":1,"minecraft:acacia_door":1,"minecraft:flint_and_steel":5,"minecraft:white_carpet":27,"minecraft:iron_shovel":4,"minecraft:cracked_stone_bricks":4,"minecraft:cartography_table":1,"minecraft:music_disc_otherside":6,"minecraft:beef":82,"minecraft:poppy":4,"minecraft:chest":41,"minecraft:diamond_hoe":1,"minecraft:egg":3,"minecraft:oak_door":1,"minecraft:carrot":187,"minecraft:redstone":445,"minecraft:diamond_chestplate":10,"minecraft:diamond_boots":20,"minecraft:shears":6,"minecraft:deepslate_bricks":12,"minecraft:hay_block":92,"minecraft:gold_ingot":21,"minecraft:totem_of_undying":3,"minecraft:glow_berries":28,"minecraft:mutton":45,"minecraft:bone_block":26,"minecraft:white_wool":24,"minecraft:rail":1,"minecraft:mud_bricks":15,"minecraft:red_mushroom":3,"minecraft:packed_mud":3,"minecraft:oak_log":241,"minecraft:paper":14,"minecraft:white_banner":8,"minecraft:stone_bricks":1,"minecraft:apple":22,"minecraft:kelp":11,"minecraft:stone_pickaxe":2,"minecraft:glass_bottle":3,"minecraft:gray_bed":16,"minecraft:iron_sword":4,"minecraft:sculk":96,"minecraft:light_blue_glazed_terracotta":15,"minecraft:gravel":300,"minecraft:sea_lantern":1,"minecraft:diamond_shovel":9,"minecraft:slime_ball":55,"minecraft:diamond_axe":13,"minecraft:gray_wool":452,"minecraft:warped_roots":11,"minecraft:baked_potato":533,"minecraft:warped_nylium":24,"minecraft:hopper":1,"minecraft:ender_pearl":648,"minecraft:shulker_shell":9,"minecraft:chiseled_deepslate":1,"minecraft:wheat":1,"minecraft:redstone_block":2,"minecraft:potion":7,"minecraft:raw_copper":34,"minecraft:oak_hanging_sign":2,"minecraft:sticky_piston":5,"minecraft:iron_leggings":13,"minecraft:red_candle":4,"minecraft:experience_bottle":7,"minecraft:comparator":2,"minecraft:bucket":1,"minecraft:redstone_torch":7,"minecraft:calcite":1,"minecraft:ender_eye":9,"minecraft:iron_pickaxe":30,"minecraft:furnace":5,"minecraft:iron_boots":14,"minecraft:stick":80,"minecraft:deepslate_brick_wall":1,"minecraft:torch":192,"minecraft:porkchop":14,"minecraft:target":1,"minecraft:diorite":97,"minecraft:pointed_dripstone":3,"minecraft:rotten_flesh":62,"minecraft:spruce_hanging_sign":1,"minecraft:deepslate_brick_stairs":21,"minecraft:obsidian":40,"minecraft:cobblestone":1158,"minecraft:enchanting_table":1,"minecraft:pink_petals":28,"minecraft:repeater":13,"minecraft:magma_cream":1,"minecraft:cherry_planks":4,"minecraft:andesite":48,"minecraft:potato":477,"minecraft:tuff":117,"minecraft:acacia_boat":5,"minecraft:dirt":466,"minecraft:lapis_lazuli":180,"minecraft:name_tag":16,"minecraft:leather_boots":8,"minecraft:glass":3,"minecraft:bone":291,"minecraft:acacia_planks":26,"minecraft:wheat_seeds":33,"minecraft:green_candle":2,"minecraft:raw_gold":44,"minecraft:bell":6,"minecraft:grindstone":1,"minecraft:mossy_stone_bricks":7,"minecraft:stone_hoe":2,"minecraft:oak_planks":286,"minecraft:cooked_porkchop":2,"minecraft:poisonous_potato":2,"minecraft:sand":55,"minecraft:dead_bush":2,"minecraft:light_gray_terracotta":2,"minecraft:sugar":1,"minecraft:diamond":106,"minecraft:yellow_stained_glass_pane":1,"minecraft:cracked_polished_blackstone_bricks":4,"minecraft:crossbow":13,"minecraft:bone_meal":6,"minecraft:grass":1,"minecraft:golden_apple":7,"minecraft:emerald":54,"minecraft:oak_sapling":13,"minecraft:netherrack":2227,"minecraft:oak_leaves":39,"minecraft:end_stone_bricks":3,"minecraft:chicken":1,"minecraft:ladder":7,"minecraft:wooden_pickaxe":1,"minecraft:diamond_horse_armor":3,"minecraft:shield":29,"minecraft:oak_trapdoor":1,"minecraft:iron_axe":14,"minecraft:blackstone":88,"minecraft:candle":21,"minecraft:echo_shard":38,"minecraft:oak_boat":55,"minecraft:lectern":2,"minecraft:raw_iron":95,"minecraft:orange_dye":3,"minecraft:end_stone":35,"minecraft:copper_ingot":1,"minecraft:polished_blackstone_bricks":106,"minecraft:stone_button":2,"minecraft:dark_oak_planks":126,"minecraft:arrow":33,"minecraft:light_blue_stained_glass_pane":1,"minecraft:nether_bricks":2,"minecraft:saddle":5,"minecraft:skeleton_skull":32,"minecraft:basalt":187,"minecraft:leather":36,"minecraft:birch_planks":2,"minecraft:yellow_glazed_terracotta":1,"minecraft:yellow_bed":3,"minecraft:gunpowder":26,"minecraft:heart_pottery_sherd":2,"minecraft:cooked_mutton":40,"minecraft:red_carpet":3,"minecraft:gray_carpet":129,"minecraft:iron_ingot":314,"minecraft:soul_sand":11,"minecraft:book":351,"minecraft:sculk_catalyst":4,"minecraft:warped_fungus":1,"minecraft:nether_quartz_ore":10,"minecraft:emerald_block":3,"minecraft:quartz":56,"minecraft:dandelion":1,"minecraft:dripstone_block":2,"minecraft:lava_bucket":1,"minecraft:amethyst_shard":76,"minecraft:soul_torch":57,"minecraft:blast_furnace":8,"minecraft:white_bed":23,"minecraft:sculk_sensor":7,"minecraft:iron_helmet":27,"minecraft:cherry_sapling":22,"minecraft:coal":773},"minecraft:mined":{"minecraft:dark_oak_planks":21,"minecraft:white_bed":14,"minecraft:cherry_log":272,"minecraft:obsidian":34,"minecraft:granite":26,"minecraft:acacia_log":11,"minecraft:deepslate_bricks":15,"minecraft:spawner":10,"minecraft:polished_blackstone_bricks":42,"minecraft:magma_block":1,"minecraft:fire":17,"minecraft:sticky_piston":5,"minecraft:cobbled_deepslate":37,"minecraft:deepslate_lapis_ore":18,"minecraft:enchanting_table":1,"minecraft:sculk_shrieker":3,"minecraft:dirt_path":11,"minecraft:deepslate_brick_stairs":21,"minecraft:tripwire":1,"minecraft:kelp_plant":3,"minecraft:smoker":3,"minecraft:deepslate_brick_wall":1,"minecraft:amethyst_cluster":2,"minecraft:powder_snow":69,"minecraft:torch":2,"minecraft:blast_furnace":8,"minecraft:glass":4,"minecraft:white_candle":6,"minecraft:amethyst_block":3,"minecraft:skeleton_skull":4,"minecraft:white_terracotta":8,"minecraft:repeater":13,"minecraft:yellow_glazed_terracotta":1,"minecraft:grass":138,"minecraft:smooth_basalt":1,"minecraft:red_mushroom_block":3,"minecraft:stonecutter":2,"minecraft:deepslate":678,"minecraft:suspicious_gravel":5,"minecraft:mossy_cobblestone":2,"minecraft:cherry_sapling":1,"minecraft:dark_oak_log":8,"minecraft:end_stone":40,"minecraft:nether_bricks":2,"minecraft:redstone_wire":36,"minecraft:kelp":2,"minecraft:cartography_table":1,"minecraft:black_stained_glass_pane":1,"minecraft:packed_mud":3,"minecraft:andesite":50,"minecraft:potatoes":91,"minecraft:vine":1,"minecraft:rail":1,"minecraft:bone_block":26,"minecraft:white_wool":3,"minecraft:smithing_table":1,"minecraft:redstone_block":2,"minecraft:glass_pane":1,"minecraft:cherry_planks":20,"minecraft:comparator":2,"minecraft:soul_sand":11,"minecraft:warped_roots":2,"minecraft:purpur_pillar":4,"minecraft:tall_grass":68,"minecraft:copper_ore":8,"minecraft:deepslate_gold_ore":29,"minecraft:diorite":69,"minecraft:warped_wart_block":6,"minecraft:red_terracotta":3,"minecraft:coarse_dirt":10,"minecraft:white_carpet":3,"minecraft:birch_leaves":6,"minecraft:acacia_door":1,"minecraft:gravel":302,"minecraft:dripstone_block":1,"minecraft:acacia_planks":1,"minecraft:stone_bricks":1,"minecraft:sculk_vein":8,"minecraft:brewing_stand":3,"minecraft:grass_block":102,"minecraft:cracked_polished_blackstone_bricks":4,"minecraft:mud_bricks":15,"minecraft:composter":2,"minecraft:glowstone":2,"minecraft:iron_ore":70,"minecraft:target":1,"minecraft:anvil":1,"minecraft:pointed_dripstone":3,"minecraft:end_stone_bricks":3,"minecraft:deepslate_redstone_ore":29,"minecraft:blackstone":37,"minecraft:purpur_stairs":2,"minecraft:light_gray_terracotta":2,"minecraft:calcite":2,"minecraft:chest":28,"minecraft:nether_quartz_ore":39,"minecraft:cobblestone":83,"minecraft:grindstone":1,"minecraft:oak_planks":8,"minecraft:iron_door":5,"minecraft:wall_torch":15,"minecraft:deepslate_copper_ore":6,"minecraft:pink_petals":3,"minecraft:warped_nylium":4,"minecraft:blue_terracotta":1,"minecraft:purpur_block":14,"minecraft:oak_log":235,"minecraft:sand":43,"minecraft:dirt":292,"minecraft:netherrack":1258,"minecraft:oak_leaves":83,"minecraft:redstone_lamp":7,"minecraft:emerald_block":3,"minecraft:nether_gold_ore":12,"minecraft:tuff":64,"minecraft:deepslate_diamond_ore":15,"minecraft:ladder":1,"minecraft:light_blue_glazed_terracotta":15,"minecraft:hay_block":68,"minecraft:oak_trapdoor":1,"minecraft:furnace":5,"minecraft:carrots":53,"minecraft:nether_sprouts":1,"minecraft:chiseled_deepslate":1,"minecraft:bell":5,"minecraft:bookshelf":69,"minecraft:deepslate_iron_ore":14,"minecraft:packed_ice":7,"minecraft:stone":975,"minecraft:redstone_wall_torch":5,"minecraft:basalt":157,"minecraft:crafting_table":29,"minecraft:lectern":1,"minecraft:deepslate_coal_ore":2,"minecraft:lapis_ore":4,"minecraft:sculk":8,"minecraft:gray_wool":333,"minecraft:redstone_torch":2,"minecraft:gray_bed":15,"minecraft:yellow_bed":3,"minecraft:coal_ore":115,"minecraft:cherry_leaves":161,"minecraft:gray_carpet":1,"minecraft:mossy_stone_bricks":5},"minecraft:broken":{"minecraft:diamond_helmet":1,"minecraft:shears":1,"minecraft:shield":1,"minecraft:iron_axe":1,"minecraft:iron_pickaxe":2,"minecraft:iron_shovel":1},"minecraft:used":{"minecraft:chiseled_deepslate":1,"minecraft:ladder":16,"minecraft:chest":33,"minecraft:lava_bucket":6,"minecraft:cherry_leaves":128,"minecraft:oak_sapling":7,"minecraft:furnace":4,"minecraft:egg":1,"minecraft:potato":141,"minecraft:deepslate_brick_wall":27,"minecraft:end_stone_bricks":3,"minecraft:mossy_stone_bricks":1,"minecraft:diorite":72,"minecraft:blackstone":5,"minecraft:wooden_pickaxe":3,"minecraft:composter":6,"minecraft:purpur_pillar":2,"minecraft:golden_apple":1,"minecraft:blast_furnace":9,"minecraft:deepslate_brick_stairs":321,"minecraft:lectern":1,"minecraft:diamond_sword":610,"minecraft:smithing_table":1,"minecraft:oak_boat":50,"minecraft:oak_trapdoor":18,"minecraft:enchanting_table":1,"minecraft:iron_bars":1,"minecraft:stone_sword":12,"minecraft:netherrack":451,"minecraft:torch":179,"minecraft:brewing_stand":2,"minecraft:anvil":2,"minecraft:iron_axe":288,"minecraft:totem_of_undying":3,"minecraft:diamond_chestplate":2,"minecraft:basalt":14,"minecraft:cobbled_deepslate":1016,"minecraft:water_bucket":119,"minecraft:cartography_table":1,"minecraft:cherry_planks":78,"minecraft:fletching_table":1,"minecraft:leather_boots":2,"minecraft:deepslate_bricks":59,"minecraft:cracked_stone_bricks":2,"minecraft:rail":1,"minecraft:crafting_table":34,"minecraft:white_bed":14,"minecraft:oak_log":3,"minecraft:diamond_pickaxe":3007,"minecraft:ender_eye":19,"minecraft:diamond_shovel":316,"minecraft:iron_pickaxe":1057,"minecraft:cobblestone":868,"minecraft:cooked_porkchop":10,"minecraft:brush":48,"minecraft:diamond_leggings":8,"minecraft:cherry_sapling":16,"minecraft:iron_shovel":383,"minecraft:oak_sign":8,"minecraft:shield":136,"minecraft:iron_sword":454,"minecraft:bell":4,"minecraft:iron_chestplate":8,"minecraft:nether_bricks":2,"minecraft:carrot":24,"minecraft:tuff":142,"minecraft:obsidian":32,"minecraft:honey_bottle":14,"minecraft:glass":45,"minecraft:iron_helmet":8,"minecraft:repeater":4,"minecraft:redstone_lamp":3,"minecraft:magma_block":1,"minecraft:hay_block":4,"minecraft:written_book":2,"minecraft:gray_bed":23,"minecraft:diamond_boots":3,"minecraft:gray_carpet":154,"minecraft:stone_pickaxe":129,"minecraft:oak_planks":61,"minecraft:ender_pearl":12,"minecraft:diamond_axe":648,"minecraft:white_wool":3,"minecraft:crossbow":1,"minecraft:dripstone_block":1,"minecraft:end_stone":20,"minecraft:shears":540,"minecraft:redstone_torch":1,"minecraft:bread":99,"minecraft:gravel":38,"minecraft:grindstone":2,"minecraft:andesite":19,"minecraft:coarse_dirt":7,"minecraft:bone_meal":229,"minecraft:purpur_block":13,"minecraft:flint_and_steel":5,"minecraft:redstone":2,"minecraft:oak_door":1,"minecraft:dirt":203,"minecraft:spyglass":36,"minecraft:hopper":14,"minecraft:diamond_helmet":3,"minecraft:granite":7,"minecraft:bookshelf":15,"minecraft:cherry_trapdoor":8,"minecraft:iron_boots":11,"minecraft:golden_carrot":12,"minecraft:emerald_block":3,"minecraft:minecart":1,"minecraft:cooked_beef":23,"minecraft:iron_leggings":5,"minecraft:cooked_mutton":37,"minecraft:acacia_boat":3,"minecraft:baked_potato":203,"minecraft:stonecutter":3,"minecraft:smoker":7,"minecraft:piston":1,"minecraft:stone_axe":40,"minecraft:pink_petals":1,"minecraft:white_banner":1,"minecraft:bucket":126,"minecraft:yellow_bed":2,"minecraft:gray_wool":127},"minecraft:dropped":{"minecraft:iron_sword":1,"minecraft:glass_bottle":2,"minecraft:diamond":45,"minecraft:crossbow":1,"minecraft:rail":32,"minecraft:red_carpet":3,"minecraft:emerald":1,"minecraft:dirt":165,"minecraft:packed_mud":3,"minecraft:grass":1,"minecraft:stone_button":2,"minecraft:cherry_leaves":20,"minecraft:chain":5,"minecraft:gold_nugget":9,"minecraft:sugar":1,"minecraft:iron_pickaxe":8,"minecraft:white_wool":1,"minecraft:bone":10,"minecraft:green_candle":2,"minecraft:stone_axe":1,"minecraft:iron_nugget":2,"minecraft:cobbled_deepslate":769,"minecraft:rotten_flesh":21,"minecraft:oak_planks":5,"minecraft:end_stone":11,"minecraft:white_bed":2,"minecraft:chiseled_deepslate":1,"minecraft:yellow_stained_glass_pane":1,"minecraft:red_candle":2,"minecraft:leather_boots":1,"minecraft:ladder":68,"minecraft:heart_pottery_sherd":1,"minecraft:egg":1,"minecraft:enchanted_book":6,"minecraft:iron_ingot":71,"minecraft:wheat_seeds":14,"minecraft:dripstone_block":1,"minecraft:oak_hanging_sign":2,"minecraft:iron_helmet":26,"minecraft:cobblestone":155,"minecraft:apple":16,"minecraft:granite":10,"minecraft:chainmail_helmet":4,"minecraft:coal":34,"minecraft:acacia_sign":1,"minecraft:diamond_horse_armor":1,"minecraft:gray_wool":9,"minecraft:yellow_glazed_terracotta":1,"minecraft:cherry_planks":10,"minecraft:diamond_helmet":2,"minecraft:dead_bush":3,"minecraft:iron_shovel":1,"minecraft:string":3,"minecraft:acacia_planks":3,"minecraft:stone_sword":2,"minecraft:stone_shovel":10,"minecraft:chicken":1,"minecraft:white_terracotta":5,"minecraft:cobbled_deepslate_slab":4,"minecraft:shears":2,"minecraft:diamond_sword":6,"minecraft:potato":29,"minecraft:hay_block":11,"minecraft:flower_pot":2,"minecraft:diamond_pickaxe":10,"minecraft:yellow_bed":1,"minecraft:orange_dye":3,"minecraft:diamond_axe":1,"minecraft:warped_fungus":1,"minecraft:baked_potato":155,"minecraft:ender_pearl":391,"minecraft:leather":3,"minecraft:flint":4,"minecraft:redstone_lamp":5,"minecraft:brush":1,"minecraft:cherry_trapdoor":2,"minecraft:cornflower":1,"minecraft:acacia_door":1,"minecraft:gold_ingot":19,"minecraft:gravel":67,"minecraft:spyglass":1,"minecraft:pointed_dripstone":3,"minecraft:diamond_shovel":1,"minecraft:recovery_compass":1,"minecraft:carrot":148,"minecraft:poppy":3,"minecraft:gunpowder":3,"minecraft:chest":1,"minecraft:iron_bars":15,"minecraft:arrow":36,"minecraft:quartz":4,"minecraft:written_book":7,"minecraft:netherrack":431,"minecraft:water_bucket":2,"minecraft:stone_hoe":2,"minecraft:bread":41,"minecraft:oak_slab":5,"minecraft:diamond_leggings":1,"minecraft:poisonous_potato":2,"minecraft:acacia_log":5,"minecraft:stick":100,"minecraft:deepslate_brick_stairs":1,"minecraft:torch":38,"minecraft:sculk_catalyst":1,"minecraft:brown_wool":1,"minecraft:iron_door":3,"minecraft:iron_leggings":3,"minecraft:iron_axe":3,"minecraft:light_blue_stained_glass_pane":1,"minecraft:pink_petals":27,"minecraft:dandelion":1,"minecraft:blue_terracotta":1,"minecraft:warped_nylium":2,"minecraft:oak_trapdoor":2,"minecraft:coarse_dirt":2,"minecraft:raw_copper":4,"minecraft:light_gray_terracotta":2,"minecraft:tuff":3,"minecraft:red_terracotta":3,"minecraft:mud_bricks":15,"minecraft:shield":5,"minecraft:diamond_chestplate":1,"minecraft:iron_chestplate":1,"minecraft:andesite":48,"minecraft:oak_boat":8,"minecraft:oak_sapling":7,"minecraft:diamond_boots":1,"minecraft:stone_pickaxe":3,"minecraft:wooden_pickaxe":2,"minecraft:calcite":1},"minecraft:killed":{"minecraft:shulker":15,"minecraft:skeleton":33,"minecraft:chicken":1,"minecraft:magma_cube":12,"minecraft:iron_golem":6,"minecraft:pillager":31,"minecraft:zombie":49,"minecraft:cow":18,"minecraft:evoker":2,"minecraft:vindicator":13,"minecraft:ravager":1,"minecraft:enderman":2567,"minecraft:witch":1,"minecraft:spider":13,"minecraft:piglin":6,"minecraft:pig":3,"minecraft:zombie_villager":1,"minecraft:creeper":10,"minecraft:sheep":18,"minecraft:blaze":14,"minecraft:vex":2,"minecraft:drowned":3,"minecraft:wither_skeleton":3},"minecraft:custom":{"minecraft:interact_with_crafting_table":156,"minecraft:open_barrel":18,"minecraft:bell_ring":37,"minecraft:eat_cake_slice":2,"minecraft:leave_game":20,"minecraft:time_since_death":190613,"minecraft:damage_blocked_by_shield":12116,"minecraft:play_time":1085190,"minecraft:deaths":58,"minecraft:jump":21739,"minecraft:enchant_item":38,"minecraft:interact_with_furnace":66,"minecraft:traded_with_villager":122,"minecraft:interact_with_cartography_table":1,"minecraft:sleep_in_bed":35,"minecraft:damage_dealt":66198,"minecraft:interact_with_smoker":161,"minecraft:inspect_dispenser":3,"minecraft:horse_one_cm":954647,"minecraft:interact_with_smithing_table":2,"minecraft:interact_with_anvil":7,"minecraft:inspect_hopper":1,"minecraft:sneak_time":129420,"minecraft:interact_with_blast_furnace":38,"minecraft:total_world_time":1085190,"minecraft:interact_with_stonecutter":11,"minecraft:time_since_rest":124367,"minecraft:swim_one_cm":269621,"minecraft:fly_one_cm":5552657,"minecraft:open_chest":831,"minecraft:fall_one_cm":614094,"minecraft:sprint_one_cm":2829970,"minecraft:drop":463,"minecraft:talked_to_villager":105,"minecraft:interact_with_brewingstand":2,"minecraft:walk_on_water_one_cm":66141,"minecraft:open_enderchest":2,"minecraft:crouch_one_cm":519665,"minecraft:mob_kills":2830,"minecraft:climb_one_cm":69913,"minecraft:walk_one_cm":1856679,"minecraft:walk_under_water_one_cm":102307,"minecraft:boat_one_cm":459583,"minecraft:raid_trigger":1,"minecraft:interact_with_grindstone":17,"minecraft:damage_taken":32912,"minecraft:damage_absorbed":181,"minecraft:aviate_one_cm":48075},"minecraft:killed_by":{"minecraft:piglin_brute":1,"minecraft:ravager":2,"minecraft:vindicator":12,"minecraft:zombie":22,"minecraft:ender_dragon":1,"minecraft:warden":5,"minecraft:ghast":1,"minecraft:wither_skeleton":1,"minecraft:piglin":1,"minecraft:blaze":1,"minecraft:player":1,"minecraft:enderman":2,"minecraft:skeleton":4}},"DataVersion":3578}