{"stats":{"minecraft:custom":{"minecraft:interact_with_crafting_table":82,"minecraft:bell_ring":29,"minecraft:leave_game":12,"minecraft:time_since_death":6218,"minecraft:sprint_one_cm":1226929,"minecraft:damage_blocked_by_shield":5055,"minecraft:drop":157,"minecraft:talked_to_villager":2,"minecraft:play_time":505513,"minecraft:deaths":13,"minecraft:jump":9141,"minecraft:walk_on_water_one_cm":43869,"minecraft:interact_with_furnace":56,"minecraft:sleep_in_bed":15,"minecraft:damage_dealt":27056,"minecraft:crouch_one_cm":291281,"minecraft:interact_with_smoker":91,"minecraft:horse_one_cm":822805,"minecraft:mob_kills":130,"minecraft:climb_one_cm":1122,"minecraft:walk_one_cm":813377,"minecraft:sneak_time":82745,"minecraft:walk_under_water_one_cm":89152,"minecraft:boat_one_cm":142425,"minecraft:interact_with_blast_furnace":22,"minecraft:total_world_time":505513,"minecraft:raid_trigger":1,"minecraft:interact_with_stonecutter":6,"minecraft:time_since_rest":6244,"minecraft:damage_taken":10007,"minecraft:swim_one_cm":204731,"minecraft:fly_one_cm":2181133,"minecraft:open_chest":267,"minecraft:fall_one_cm":258730},"minecraft:broken":{"minecraft:iron_shovel":1,"minecraft:iron_axe":1,"minecraft:iron_pickaxe":2},"minecraft:mined":{"minecraft:white_bed":8,"minecraft:sculk_vein":4,"minecraft:obsidian":17,"minecraft:granite":17,"minecraft:grass_block":60,"minecraft:mud_bricks":15,"minecraft:spawner":1,"minecraft:fire":7,"minecraft:iron_ore":70,"minecraft:sticky_piston":5,"minecraft:cobbled_deepslate":16,"minecraft:target":1,"minecraft:deepslate_lapis_ore":18,"minecraft:sculk_shrieker":3,"minecraft:pointed_dripstone":3,"minecraft:deepslate_brick_stairs":21,"minecraft:deepslate_redstone_ore":19,"minecraft:kelp_plant":3,"minecraft:smoker":3,"minecraft:amethyst_cluster":2,"minecraft:powder_snow":42,"minecraft:torch":2,"minecraft:light_gray_terracotta":2,"minecraft:blast_furnace":3,"minecraft:calcite":2,"minecraft:chest":24,"minecraft:nether_quartz_ore":25,"minecraft:cobblestone":64,"minecraft:white_candle":6,"minecraft:oak_planks":1,"minecraft:iron_door":1,"minecraft:wall_torch":13,"minecraft:amethyst_block":3,"minecraft:deepslate_copper_ore":6,"minecraft:white_terracotta":8,"minecraft:warped_nylium":4,"minecraft:repeater":13,"minecraft:blue_terracotta":1,"minecraft:yellow_glazed_terracotta":1,"minecraft:grass":99,"minecraft:oak_log":106,"minecraft:dirt":98,"minecraft:smooth_basalt":1,"minecraft:stonecutter":2,"minecraft:netherrack":214,"minecraft:oak_leaves":78,"minecraft:deepslate":674,"minecraft:redstone_lamp":4,"minecraft:suspicious_gravel":5,"minecraft:nether_gold_ore":7,"minecraft:tuff":62,"minecraft:mossy_cobblestone":2,"minecraft:deepslate_diamond_ore":11,"minecraft:end_stone":10,"minecraft:nether_bricks":2,"minecraft:light_blue_glazed_terracotta":15,"minecraft:redstone_wire":36,"minecraft:kelp":2,"minecraft:hay_block":10,"minecraft:furnace":5,"minecraft:packed_mud":3,"minecraft:carrots":18,"minecraft:nether_sprouts":1,"minecraft:andesite":47,"minecraft:bell":5,"minecraft:bookshelf":32,"minecraft:deepslate_iron_ore":14,"minecraft:packed_ice":7,"minecraft:stone":892,"minecraft:white_wool":3,"minecraft:redstone_wall_torch":5,"minecraft:redstone_block":2,"minecraft:glass_pane":1,"minecraft:comparator":2,"minecraft:crafting_table":19,"minecraft:warped_roots":2,"minecraft:lectern":1,"minecraft:tall_grass":49,"minecraft:copper_ore":8,"minecraft:deepslate_coal_ore":2,"minecraft:lapis_ore":4,"minecraft:deepslate_gold_ore":26,"minecraft:sculk":4,"minecraft:diorite":66,"minecraft:warped_wart_block":6,"minecraft:gray_wool":194,"minecraft:red_terracotta":3,"minecraft:coarse_dirt":10,"minecraft:redstone_torch":2,"minecraft:white_carpet":3,"minecraft:birch_leaves":6,"minecraft:yellow_bed":2,"minecraft:coal_ore":78,"minecraft:gravel":294,"minecraft:dripstone_block":1,"minecraft:stone_bricks":1,"minecraft:mossy_stone_bricks":5},"minecraft:killed_by":{"minecraft:ravager":2,"minecraft:vindicator":4,"minecraft:ender_dragon":1,"minecraft:warden":5},"minecraft:killed":{"minecraft:spider":4,"minecraft:skeleton":16,"minecraft:chicken":1,"minecraft:magma_cube":1,"minecraft:piglin":2,"minecraft:pig":2,"minecraft:zombie_villager":1,"minecraft:iron_golem":1,"minecraft:creeper":3,"minecraft:sheep":16,"minecraft:pillager":8,"minecraft:zombie":16,"minecraft:blaze":13,"minecraft:cow":11,"minecraft:vindicator":4,"minecraft:drowned":3,"minecraft:ravager":1,"minecraft:wither_skeleton":2,"minecraft:enderman":22},"minecraft:used":{"minecraft:iron_shovel":383,"minecraft:chest":28,"minecraft:shield":70,"minecraft:bell":4,"minecraft:iron_chestplate":5,"minecraft:nether_bricks":2,"minecraft:carrot":2,"minecraft:obsidian":12,"minecraft:lava_bucket":3,"minecraft:iron_helmet":5,"minecraft:oak_sapling":5,"minecraft:furnace":3,"minecraft:egg":1,"minecraft:potato":59,"minecraft:diorite":5,"minecraft:diamond_boots":2,"minecraft:stone_pickaxe":129,"minecraft:ender_pearl":1,"minecraft:wooden_pickaxe":3,"minecraft:diamond_axe":46,"minecraft:white_wool":3,"minecraft:blast_furnace":4,"minecraft:crossbow":1,"minecraft:dripstone_block":1,"minecraft:end_stone":2,"minecraft:shears":247,"minecraft:deepslate_brick_stairs":321,"minecraft:bread":31,"minecraft:gravel":30,"minecraft:diamond_sword":205,"minecraft:oak_boat":34,"minecraft:coarse_dirt":7,"minecraft:bone_meal":90,"minecraft:oak_trapdoor":6,"minecraft:flint_and_steel":1,"minecraft:netherrack":100,"minecraft:oak_door":1,"minecraft:torch":174,"minecraft:dirt":82,"minecraft:spyglass":34,"minecraft:diamond_helmet":2,"minecraft:granite":7,"minecraft:iron_axe":244,"minecraft:iron_boots":8,"minecraft:diamond_chestplate":2,"minecraft:cooked_beef":14,"minecraft:cobbled_deepslate":165,"minecraft:iron_leggings":2,"minecraft:cooked_mutton":27,"minecraft:water_bucket":97,"minecraft:baked_potato":73,"minecraft:stonecutter":2,"minecraft:leather_boots":2,"minecraft:crafting_table":20,"minecraft:white_bed":8,"minecraft:smoker":5,"minecraft:oak_log":3,"minecraft:ender_eye":19,"minecraft:diamond_pickaxe":1556,"minecraft:diamond_shovel":22,"minecraft:iron_pickaxe":839,"minecraft:stone_axe":40,"minecraft:cobblestone":477,"minecraft:white_banner":1,"minecraft:cooked_porkchop":3,"minecraft:bucket":101,"minecraft:yellow_bed":2,"minecraft:brush":48,"minecraft:gray_wool":127,"minecraft:diamond_leggings":5},"minecraft:picked_up":{"minecraft:iron_chestplate":10,"minecraft:wheat":1,"minecraft:redstone_block":2,"minecraft:flower_pot":2,"minecraft:lead":3,"minecraft:diamond_sword":8,"minecraft:potion":4,"minecraft:enchanted_book":9,"minecraft:amethyst_block":1,"minecraft:music_disc_cat":4,"minecraft:string":1,"minecraft:raw_copper":34,"minecraft:oak_hanging_sign":2,"minecraft:sticky_piston":5,"minecraft:iron_leggings":9,"minecraft:red_candle":4,"minecraft:experience_bottle":7,"minecraft:diamond_leggings":10,"minecraft:gold_nugget":29,"minecraft:cobbled_deepslate":580,"minecraft:comparator":2,"minecraft:bucket":1,"minecraft:redstone_torch":7,"minecraft:ender_eye":9,"minecraft:calcite":1,"minecraft:iron_pickaxe":18,"minecraft:furnace":5,"minecraft:iron_boots":11,"minecraft:torch":150,"minecraft:porkchop":4,"minecraft:target":1,"minecraft:diorite":94,"minecraft:pointed_dripstone":3,"minecraft:stone_sword":2,"minecraft:rotten_flesh":21,"minecraft:white_terracotta":5,"minecraft:spruce_hanging_sign":1,"minecraft:blaze_rod":10,"minecraft:deepslate_brick_stairs":21,"minecraft:obsidian":17,"minecraft:cobblestone":953,"minecraft:pink_petals":27,"minecraft:cooked_beef":60,"minecraft:feather":2,"minecraft:repeater":13,"minecraft:iron_door":1,"minecraft:water_bucket":17,"minecraft:andesite":45,"minecraft:brown_wool":1,"minecraft:smoker":5,"minecraft:potato":194,"minecraft:flint":28,"minecraft:tuff":59,"minecraft:lapis_lazuli":126,"minecraft:dirt":211,"minecraft:disc_fragment_5":8,"minecraft:name_tag":15,"minecraft:leather_boots":3,"minecraft:glass":3,"minecraft:bone":240,"minecraft:stonecutter":2,"minecraft:wheat_seeds":23,"minecraft:green_candle":2,"minecraft:raw_gold":24,"minecraft:bell":6,"minecraft:mossy_stone_bricks":5,"minecraft:diamond_helmet":2,"minecraft:oak_planks":249,"minecraft:cooked_porkchop":2,"minecraft:warped_wart_block":2,"minecraft:sand":12,"minecraft:dead_bush":2,"minecraft:red_terracotta":3,"minecraft:light_gray_terracotta":2,"minecraft:white_candle":27,"minecraft:blue_terracotta":1,"minecraft:sugar":1,"minecraft:diamond":77,"minecraft:yellow_stained_glass_pane":1,"minecraft:crossbow":12,"minecraft:granite":9,"minecraft:bone_meal":6,"minecraft:grass":1,"minecraft:golden_apple":5,"minecraft:emerald":3,"minecraft:bread":34,"minecraft:oak_sapling":8,"minecraft:netherrack":210,"minecraft:oak_leaves":39,"minecraft:diamond_pickaxe":2,"minecraft:coarse_dirt":9,"minecraft:crafting_table":17,"minecraft:chicken":1,"minecraft:ladder":1,"minecraft:redstone_lamp":4,"minecraft:wooden_pickaxe":1,"minecraft:diamond_horse_armor":3,"minecraft:shield":12,"minecraft:iron_axe":13,"minecraft:white_carpet":27,"minecraft:iron_shovel":4,"minecraft:candle":21,"minecraft:beef":24,"minecraft:music_disc_otherside":6,"minecraft:echo_shard":38,"minecraft:oak_boat":36,"minecraft:lectern":1,"minecraft:chest":34,"minecraft:diamond_hoe":1,"minecraft:egg":2,"minecraft:raw_iron":95,"minecraft:orange_dye":3,"minecraft:end_stone":6,"minecraft:oak_door":1,"minecraft:copper_ingot":1,"minecraft:redstone":155,"minecraft:carrot":17,"minecraft:arrow":15,"minecraft:diamond_chestplate":2,"minecraft:light_blue_stained_glass_pane":1,"minecraft:nether_bricks":2,"minecraft:shears":6,"minecraft:diamond_boots":2,"minecraft:hay_block":8,"minecraft:saddle":5,"minecraft:gold_ingot":8,"minecraft:glow_berries":28,"minecraft:mutton":27,"minecraft:white_wool":23,"minecraft:mud_bricks":15,"minecraft:leather":21,"minecraft:packed_mud":3,"minecraft:oak_log":106,"minecraft:yellow_glazed_terracotta":1,"minecraft:yellow_bed":2,"minecraft:gunpowder":12,"minecraft:heart_pottery_sherd":2,"minecraft:paper":14,"minecraft:white_banner":8,"minecraft:cooked_mutton":40,"minecraft:stone_bricks":1,"minecraft:apple":22,"minecraft:gray_carpet":128,"minecraft:kelp":11,"minecraft:iron_ingot":77,"minecraft:stone_pickaxe":2,"minecraft:iron_sword":1,"minecraft:book":112,"minecraft:sculk_catalyst":4,"minecraft:warped_fungus":1,"minecraft:sculk":96,"minecraft:quartz":22,"minecraft:light_blue_glazed_terracotta":15,"minecraft:dripstone_block":2,"minecraft:gravel":216,"minecraft:lava_bucket":1,"minecraft:amethyst_shard":76,"minecraft:soul_torch":57,"minecraft:blast_furnace":3,"minecraft:white_bed":9,"minecraft:diamond_shovel":1,"minecraft:sculk_sensor":7,"minecraft:iron_helmet":12,"minecraft:gray_wool":313,"minecraft:warped_roots":11,"minecraft:baked_potato":436,"minecraft:warped_nylium":13,"minecraft:coal":295,"minecraft:ender_pearl":21},"minecraft:dropped":{"minecraft:orange_dye":3,"minecraft:warped_fungus":1,"minecraft:baked_potato":114,"minecraft:ender_pearl":5,"minecraft:diamond":10,"minecraft:crossbow":1,"minecraft:emerald":1,"minecraft:packed_mud":3,"minecraft:grass":1,"minecraft:brush":1,"minecraft:sugar":1,"minecraft:iron_pickaxe":6,"minecraft:green_candle":2,"minecraft:gold_ingot":8,"minecraft:bone":3,"minecraft:gravel":67,"minecraft:stone_axe":1,"minecraft:spyglass":1,"minecraft:pointed_dripstone":3,"minecraft:rotten_flesh":12,"minecraft:oak_planks":3,"minecraft:diamond_shovel":1,"minecraft:white_bed":2,"minecraft:yellow_stained_glass_pane":1,"minecraft:red_candle":2,"minecraft:gunpowder":1,"minecraft:leather_boots":1,"minecraft:ladder":1,"minecraft:heart_pottery_sherd":1,"minecraft:arrow":15,"minecraft:netherrack":110,"minecraft:bread":26,"minecraft:water_bucket":2,"minecraft:iron_ingot":26,"minecraft:wheat_seeds":4,"minecraft:dripstone_block":1,"minecraft:diamond_leggings":1,"minecraft:oak_hanging_sign":2,"minecraft:iron_helmet":1,"minecraft:cobblestone":101,"minecraft:apple":15,"minecraft:granite":1,"minecraft:coal":6,"minecraft:stick":15,"minecraft:diamond_horse_armor":1,"minecraft:gray_wool":7,"minecraft:deepslate_brick_stairs":1,"minecraft:torch":25,"minecraft:sculk_catalyst":1,"minecraft:yellow_glazed_terracotta":1,"minecraft:brown_wool":1,"minecraft:diamond_helmet":1,"minecraft:iron_leggings":1,"minecraft:dead_bush":2,"minecraft:iron_axe":1,"minecraft:light_blue_stained_glass_pane":1,"minecraft:pink_petals":27,"minecraft:blue_terracotta":1,"minecraft:warped_nylium":2,"minecraft:coarse_dirt":2,"minecraft:stone_sword":2,"minecraft:raw_copper":4,"minecraft:light_gray_terracotta":2,"minecraft:tuff":3,"minecraft:chicken":1,"minecraft:white_terracotta":5,"minecraft:shears":2,"minecraft:red_terracotta":3,"minecraft:diamond_sword":1,"minecraft:mud_bricks":15,"minecraft:shield":1,"minecraft:flower_pot":2,"minecraft:diamond_chestplate":1,"minecraft:diamond_pickaxe":2,"minecraft:oak_boat":4,"minecraft:oak_sapling":3,"minecraft:diamond_boots":1,"minecraft:stone_pickaxe":3,"minecraft:wooden_pickaxe":2,"minecraft:calcite":1},"minecraft:crafted":{"minecraft:oak_planks":364,"minecraft:smooth_stone":3,"minecraft:blaze_powder":12,"minecraft:stone":6,"minecraft:diamond_shovel":1,"minecraft:cooked_mutton":27,"minecraft:diamond_helmet":2,"minecraft:diamond_leggings":1,"minecraft:iron_boots":1,"minecraft:chest":7,"minecraft:ender_eye":11,"minecraft:smoker":3,"minecraft:cooked_porkchop":4,"minecraft:diamond_axe":1,"minecraft:crafting_table":6,"minecraft:baked_potato":126,"minecraft:wooden_pickaxe":1,"minecraft:iron_helmet":1,"minecraft:brush":2,"minecraft:copper_ingot":6,"minecraft:fletching_table":1,"minecraft:iron_chestplate":1,"minecraft:diamond_pickaxe":2,"minecraft:shield":5,"minecraft:stick":124,"minecraft:iron_ingot":84,"minecraft:iron_pickaxe":5,"minecraft:gold_ingot":14,"minecraft:gray_carpet":78,"minecraft:shears":3,"minecraft:leather_boots":2,"minecraft:spyglass":2,"minecraft:furnace":2,"minecraft:blast_furnace":1,"minecraft:bone_meal":114,"minecraft:white_carpet":3,"minecraft:oak_trapdoor":6,"minecraft:flint_and_steel":1,"minecraft:iron_axe":2,"minecraft:stone_pickaxe":1,"minecraft:diamond_boots":2,"minecraft:wheat":72,"minecraft:cooked_beef":24,"minecraft:diamond_sword":2,"minecraft:bucket":2,"minecraft:stone_axe":1,"minecraft:bread":24,"minecraft:air":0,"minecraft:oak_boat":4,"minecraft:golden_apple":1,"minecraft:iron_shovel":3,"minecraft:iron_leggings":1,"minecraft:stonecutter":1,"minecraft:white_bed":1,"minecraft:torch":216,"minecraft:diamond_chestplate":2}},"DataVersion":3578}