{"stats":{"minecraft:killed_by":{"minecraft:ghast":1,"minecraft:wither_skeleton":1,"minecraft:piglin_brute":1,"minecraft:ravager":2,"minecraft:vindicator":12,"minecraft:piglin":1,"minecraft:blaze":1,"minecraft:zombie":5,"minecraft:player":1,"minecraft:enderman":2,"minecraft:ender_dragon":1,"minecraft:warden":5,"minecraft:skeleton":1},"minecraft:broken":{"minecraft:iron_shovel":1,"minecraft:diamond_helmet":1,"minecraft:iron_axe":1,"minecraft:iron_pickaxe":2},"minecraft:killed":{"minecraft:witch":1,"minecraft:spider":9,"minecraft:skeleton":31,"minecraft:chicken":1,"minecraft:magma_cube":12,"minecraft:piglin":6,"minecraft:pig":3,"minecraft:zombie_villager":1,"minecraft:iron_golem":6,"minecraft:creeper":10,"minecraft:sheep":17,"minecraft:pillager":31,"minecraft:zombie":40,"minecraft:blaze":14,"minecraft:cow":18,"minecraft:vex":2,"minecraft:evoker":2,"minecraft:vindicator":13,"minecraft:drowned":3,"minecraft:ravager":1,"minecraft:wither_skeleton":3,"minecraft:enderman":24},"minecraft:crafted":{"minecraft:oak_planks":596,"minecraft:smooth_stone":3,"minecraft:oak_sign":9,"minecraft:blaze_powder":12,"minecraft:stone":9,"minecraft:diamond_shovel":3,"minecraft:cooked_mutton":27,"minecraft:glass":43,"minecraft:hopper":6,"minecraft:diamond_helmet":2,"minecraft:diamond_leggings":1,"minecraft:iron_boots":2,"minecraft:chest":12,"minecraft:ender_eye":11,"minecraft:gray_bed":9,"minecraft:golden_boots":1,"minecraft:smoker":5,"minecraft:oak_slab":36,"minecraft:emerald":3,"minecraft:cooked_porkchop":4,"minecraft:diamond_axe":3,"minecraft:crafting_table":12,"minecraft:wooden_pickaxe":1,"minecraft:baked_potato":301,"minecraft:iron_helmet":2,"minecraft:brush":2,"minecraft:copper_ingot":6,"minecraft:fletching_table":2,"minecraft:birch_planks":24,"minecraft:iron_chestplate":2,"minecraft:diamond_pickaxe":3,"minecraft:chiseled_deepslate":1,"minecraft:shield":7,"minecraft:stick":280,"minecraft:iron_ingot":85,"minecraft:iron_pickaxe":5,"minecraft:stone_sword":1,"minecraft:gold_ingot":14,"minecraft:gray_carpet":78,"minecraft:composter":4,"minecraft:shears":3,"minecraft:cherry_planks":40,"minecraft:cobbled_deepslate_slab":6,"minecraft:redstone":18,"minecraft:leather_boots":2,"minecraft:spyglass":2,"minecraft:furnace":5,"minecraft:blast_furnace":1,"minecraft:piston":1,"minecraft:bone_meal":240,"minecraft:white_carpet":3,"minecraft:oak_trapdoor":20,"minecraft:flint_and_steel":2,"minecraft:iron_axe":2,"minecraft:ladder":12,"minecraft:stone_pickaxe":1,"minecraft:diamond_boots":2,"minecraft:wheat":297,"minecraft:cooked_beef":24,"minecraft:diamond_sword":2,"minecraft:bucket":3,"minecraft:stone_axe":1,"minecraft:acacia_boat":2,"minecraft:bread":99,"minecraft:air":0,"minecraft:oak_boat":6,"minecraft:golden_apple":1,"minecraft:iron_shovel":3,"minecraft:iron_leggings":1,"minecraft:stonecutter":2,"minecraft:white_bed":1,"minecraft:acacia_planks":20,"minecraft:torch":216,"minecraft:diamond_chestplate":2},"minecraft:picked_up":{"minecraft:chiseled_deepslate":1,"minecraft:iron_chestplate":11,"minecraft:wheat":1,"minecraft:redstone_block":2,"minecraft:flower_pot":2,"minecraft:anvil":2,"minecraft:lead":3,"minecraft:diamond_sword":24,"minecraft:potion":5,"minecraft:enchanted_book":20,"minecraft:amethyst_block":1,"minecraft:music_disc_cat":4,"minecraft:string":5,"minecraft:raw_copper":34,"minecraft:oak_hanging_sign":2,"minecraft:iron_leggings":11,"minecraft:sticky_piston":5,"minecraft:red_candle":4,"minecraft:experience_bottle":7,"minecraft:diamond_leggings":16,"minecraft:gold_nugget":36,"minecraft:cobbled_deepslate":1233,"minecraft:comparator":2,"minecraft:bucket":1,"minecraft:ender_eye":9,"minecraft:redstone_torch":7,"minecraft:written_book":2,"minecraft:calcite":1,"minecraft:iron_pickaxe":30,"minecraft:iron_boots":12,"minecraft:furnace":5,"minecraft:stick":70,"minecraft:deepslate_brick_wall":1,"minecraft:composter":1,"minecraft:torch":191,"minecraft:acacia_log":9,"minecraft:porkchop":14,"minecraft:target":1,"minecraft:cherry_log":10,"minecraft:diorite":94,"minecraft:pointed_dripstone":3,"minecraft:stone_sword":3,"minecraft:honey_bottle":31,"minecraft:rotten_flesh":59,"minecraft:white_terracotta":5,"minecraft:spruce_hanging_sign":1,"minecraft:blaze_rod":11,"minecraft:deepslate_brick_stairs":21,"minecraft:obsidian":40,"minecraft:cobblestone":1108,"minecraft:pink_petals":28,"minecraft:magma_block":1,"minecraft:feather":2,"minecraft:cooked_beef":60,"minecraft:repeater":13,"minecraft:magma_cream":1,"minecraft:cherry_planks":3,"minecraft:iron_door":11,"minecraft:water_bucket":17,"minecraft:andesite":45,"minecraft:brown_wool":1,"minecraft:smoker":5,"minecraft:potato":467,"minecraft:flint":32,"minecraft:tuff":116,"minecraft:acacia_boat":5,"minecraft:dirt":461,"minecraft:lapis_lazuli":171,"minecraft:disc_fragment_5":8,"minecraft:name_tag":15,"minecraft:leather_boots":7,"minecraft:glass":3,"minecraft:bone":286,"minecraft:acacia_planks":26,"minecraft:stonecutter":2,"minecraft:wheat_seeds":30,"minecraft:green_candle":2,"minecraft:raw_gold":44,"minecraft:bell":6,"minecraft:mossy_stone_bricks":7,"minecraft:diamond_helmet":10,"minecraft:glowstone_dust":3,"minecraft:stone_hoe":2,"minecraft:oak_planks":284,"minecraft:cooked_porkchop":2,"minecraft:warped_wart_block":2,"minecraft:poisonous_potato":2,"minecraft:sand":55,"minecraft:dead_bush":2,"minecraft:dark_oak_log":16,"minecraft:red_terracotta":3,"minecraft:light_gray_terracotta":2,"minecraft:white_candle":27,"minecraft:blue_terracotta":1,"minecraft:sugar":1,"minecraft:diamond":104,"minecraft:yellow_stained_glass_pane":1,"minecraft:cracked_polished_blackstone_bricks":4,"minecraft:crossbow":13,"minecraft:granite":27,"minecraft:bone_meal":6,"minecraft:grass":1,"minecraft:golden_apple":7,"minecraft:emerald":36,"minecraft:bread":131,"minecraft:oak_sapling":12,"minecraft:netherrack":2210,"minecraft:oak_leaves":39,"minecraft:diamond_pickaxe":11,"minecraft:crafting_table":31,"minecraft:coarse_dirt":9,"minecraft:chicken":1,"minecraft:ladder":7,"minecraft:redstone_lamp":13,"minecraft:wooden_pickaxe":1,"minecraft:diamond_horse_armor":3,"minecraft:shield":29,"minecraft:cornflower":1,"minecraft:oak_trapdoor":1,"minecraft:iron_axe":14,"minecraft:acacia_door":1,"minecraft:flint_and_steel":5,"minecraft:white_carpet":27,"minecraft:iron_shovel":4,"minecraft:blackstone":88,"minecraft:cracked_stone_bricks":4,"minecraft:candle":21,"minecraft:beef":82,"minecraft:music_disc_otherside":6,"minecraft:echo_shard":38,"minecraft:oak_boat":50,"minecraft:poppy":4,"minecraft:lectern":2,"minecraft:chest":41,"minecraft:diamond_hoe":1,"minecraft:egg":3,"minecraft:raw_iron":95,"minecraft:orange_dye":3,"minecraft:end_stone":6,"minecraft:oak_door":1,"minecraft:copper_ingot":1,"minecraft:polished_blackstone_bricks":106,"minecraft:stone_button":2,"minecraft:carrot":132,"minecraft:redstone":445,"minecraft:dark_oak_planks":126,"minecraft:diamond_chestplate":9,"minecraft:arrow":32,"minecraft:light_blue_stained_glass_pane":1,"minecraft:nether_bricks":2,"minecraft:diamond_boots":15,"minecraft:shears":6,"minecraft:deepslate_bricks":12,"minecraft:hay_block":67,"minecraft:totem_of_undying":3,"minecraft:saddle":5,"minecraft:gold_ingot":21,"minecraft:skeleton_skull":24,"minecraft:glow_berries":28,"minecraft:mutton":43,"minecraft:white_wool":23,"minecraft:bone_block":26,"minecraft:mud_bricks":15,"minecraft:basalt":187,"minecraft:leather":36,"minecraft:birch_planks":2,"minecraft:packed_mud":3,"minecraft:oak_log":184,"minecraft:yellow_glazed_terracotta":1,"minecraft:yellow_bed":3,"minecraft:gunpowder":26,"minecraft:heart_pottery_sherd":2,"minecraft:paper":14,"minecraft:white_banner":8,"minecraft:cooked_mutton":40,"minecraft:red_carpet":3,"minecraft:stone_bricks":1,"minecraft:apple":22,"minecraft:gray_carpet":128,"minecraft:kelp":11,"minecraft:stone_pickaxe":2,"minecraft:iron_ingot":179,"minecraft:glass_bottle":3,"minecraft:gray_bed":16,"minecraft:iron_sword":1,"minecraft:soul_sand":11,"minecraft:book":240,"minecraft:sculk_catalyst":4,"minecraft:warped_fungus":1,"minecraft:nether_quartz_ore":10,"minecraft:sculk":96,"minecraft:quartz":56,"minecraft:dandelion":1,"minecraft:light_blue_glazed_terracotta":15,"minecraft:dripstone_block":2,"minecraft:gravel":300,"minecraft:lava_bucket":1,"minecraft:amethyst_shard":76,"minecraft:soul_torch":57,"minecraft:blast_furnace":3,"minecraft:white_bed":22,"minecraft:diamond_shovel":9,"minecraft:sculk_sensor":7,"minecraft:slime_ball":55,"minecraft:iron_helmet":14,"minecraft:diamond_axe":11,"minecraft:cherry_sapling":7,"minecraft:gray_wool":313,"minecraft:warped_roots":11,"minecraft:baked_potato":533,"minecraft:warped_nylium":24,"minecraft:coal":763,"minecraft:hopper":1,"minecraft:ender_pearl":22},"minecraft:custom":{"minecraft:interact_with_crafting_table":134,"minecraft:open_barrel":17,"minecraft:bell_ring":37,"minecraft:eat_cake_slice":2,"minecraft:leave_game":19,"minecraft:time_since_death":2572,"minecraft:sprint_one_cm":2400758,"minecraft:damage_blocked_by_shield":8670,"minecraft:drop":292,"minecraft:talked_to_villager":26,"minecraft:play_time":867402,"minecraft:deaths":38,"minecraft:jump":18021,"minecraft:walk_on_water_one_cm":63699,"minecraft:interact_with_furnace":66,"minecraft:traded_with_villager":4,"minecraft:sleep_in_bed":30,"minecraft:damage_dealt":55089,"minecraft:crouch_one_cm":381255,"minecraft:inspect_dispenser":3,"minecraft:interact_with_smoker":158,"minecraft:horse_one_cm":954647,"minecraft:mob_kills":255,"minecraft:interact_with_anvil":3,"minecraft:climb_one_cm":29550,"minecraft:walk_one_cm":1476940,"minecraft:sneak_time":104340,"minecraft:walk_under_water_one_cm":92112,"minecraft:boat_one_cm":371677,"minecraft:interact_with_blast_furnace":37,"minecraft:total_world_time":867402,"minecraft:raid_trigger":1,"minecraft:interact_with_stonecutter":11,"minecraft:time_since_rest":672,"minecraft:damage_absorbed":181,"minecraft:damage_taken":24942,"minecraft:swim_one_cm":237814,"minecraft:fly_one_cm":4729111,"minecraft:open_chest":696,"minecraft:fall_one_cm":524453},"minecraft:used":{"minecraft:cherry_sapling":1,"minecraft:iron_shovel":383,"minecraft:chiseled_deepslate":1,"minecraft:ladder":16,"minecraft:oak_sign":8,"minecraft:chest":29,"minecraft:shield":107,"minecraft:iron_sword":102,"minecraft:bell":4,"minecraft:iron_chestplate":6,"minecraft:nether_bricks":2,"minecraft:carrot":24,"minecraft:tuff":13,"minecraft:obsidian":32,"minecraft:glass":45,"minecraft:lava_bucket":4,"minecraft:iron_helmet":6,"minecraft:repeater":4,"minecraft:redstone_lamp":3,"minecraft:magma_block":1,"minecraft:hay_block":4,"minecraft:written_book":2,"minecraft:oak_sapling":7,"minecraft:furnace":4,"minecraft:gray_bed":23,"minecraft:egg":1,"minecraft:potato":141,"minecraft:mossy_stone_bricks":1,"minecraft:deepslate_brick_wall":27,"minecraft:diorite":5,"minecraft:diamond_boots":3,"minecraft:oak_planks":61,"minecraft:stone_pickaxe":129,"minecraft:blackstone":5,"minecraft:ender_pearl":2,"minecraft:wooden_pickaxe":3,"minecraft:composter":5,"minecraft:diamond_axe":193,"minecraft:golden_apple":1,"minecraft:white_wool":3,"minecraft:blast_furnace":4,"minecraft:crossbow":1,"minecraft:dripstone_block":1,"minecraft:end_stone":2,"minecraft:shears":247,"minecraft:deepslate_brick_stairs":321,"minecraft:redstone_torch":1,"minecraft:bread":66,"minecraft:lectern":1,"minecraft:gravel":38,"minecraft:diamond_sword":599,"minecraft:oak_boat":45,"minecraft:coarse_dirt":7,"minecraft:bone_meal":229,"minecraft:oak_trapdoor":18,"minecraft:stone_sword":12,"minecraft:flint_and_steel":5,"minecraft:redstone":2,"minecraft:netherrack":382,"minecraft:oak_door":1,"minecraft:torch":179,"minecraft:spyglass":36,"minecraft:dirt":198,"minecraft:hopper":5,"minecraft:diamond_helmet":3,"minecraft:granite":7,"minecraft:iron_axe":283,"minecraft:iron_boots":9,"minecraft:totem_of_undying":3,"minecraft:diamond_chestplate":2,"minecraft:basalt":14,"minecraft:golden_carrot":1,"minecraft:cooked_beef":23,"minecraft:cobbled_deepslate":168,"minecraft:iron_leggings":3,"minecraft:cooked_mutton":27,"minecraft:acacia_boat":3,"minecraft:water_bucket":116,"minecraft:baked_potato":201,"minecraft:cherry_planks":3,"minecraft:stonecutter":3,"minecraft:fletching_table":1,"minecraft:leather_boots":2,"minecraft:deepslate_bricks":59,"minecraft:cracked_stone_bricks":2,"minecraft:crafting_table":32,"minecraft:white_bed":13,"minecraft:smoker":7,"minecraft:oak_log":3,"minecraft:piston":1,"minecraft:ender_eye":19,"minecraft:diamond_pickaxe":2847,"minecraft:diamond_shovel":316,"minecraft:iron_pickaxe":1038,"minecraft:stone_axe":40,"minecraft:pink_petals":1,"minecraft:cobblestone":497,"minecraft:white_banner":1,"minecraft:cooked_porkchop":10,"minecraft:bucket":121,"minecraft:yellow_bed":2,"minecraft:brush":48,"minecraft:gray_wool":127,"minecraft:diamond_leggings":7},"minecraft:dropped":{"minecraft:diamond_axe":1,"minecraft:orange_dye":3,"minecraft:warped_fungus":1,"minecraft:baked_potato":155,"minecraft:ender_pearl":5,"minecraft:glass_bottle":2,"minecraft:diamond":13,"minecraft:crossbow":1,"minecraft:leather":3,"minecraft:red_carpet":3,"minecraft:emerald":1,"minecraft:flint":4,"minecraft:redstone_lamp":5,"minecraft:packed_mud":3,"minecraft:dirt":165,"minecraft:grass":1,"minecraft:brush":1,"minecraft:stone_button":2,"minecraft:cornflower":1,"minecraft:chain":5,"minecraft:gold_nugget":9,"minecraft:iron_pickaxe":7,"minecraft:sugar":1,"minecraft:acacia_door":1,"minecraft:gold_ingot":19,"minecraft:green_candle":2,"minecraft:bone":9,"minecraft:gravel":67,"minecraft:stone_axe":1,"minecraft:spyglass":1,"minecraft:cobbled_deepslate":1,"minecraft:iron_nugget":2,"minecraft:pointed_dripstone":3,"minecraft:rotten_flesh":20,"minecraft:oak_planks":5,"minecraft:diamond_shovel":1,"minecraft:white_bed":2,"minecraft:recovery_compass":1,"minecraft:carrot":93,"minecraft:chiseled_deepslate":1,"minecraft:yellow_stained_glass_pane":1,"minecraft:poppy":3,"minecraft:red_candle":2,"minecraft:gunpowder":3,"minecraft:leather_boots":1,"minecraft:chest":1,"minecraft:ladder":2,"minecraft:heart_pottery_sherd":1,"minecraft:arrow":36,"minecraft:netherrack":419,"minecraft:quartz":4,"minecraft:written_book":6,"minecraft:egg":1,"minecraft:enchanted_book":2,"minecraft:bread":41,"minecraft:iron_ingot":34,"minecraft:stone_hoe":2,"minecraft:water_bucket":2,"minecraft:oak_slab":5,"minecraft:wheat_seeds":11,"minecraft:dripstone_block":1,"minecraft:diamond_leggings":1,"minecraft:poisonous_potato":2,"minecraft:oak_hanging_sign":2,"minecraft:cobblestone":116,"minecraft:iron_helmet":3,"minecraft:apple":16,"minecraft:granite":10,"minecraft:acacia_log":4,"minecraft:coal":24,"minecraft:stick":15,"minecraft:diamond_horse_armor":1,"minecraft:deepslate_brick_stairs":1,"minecraft:gray_wool":9,"minecraft:torch":37,"minecraft:sculk_catalyst":1,"minecraft:brown_wool":1,"minecraft:yellow_glazed_terracotta":1,"minecraft:iron_door":3,"minecraft:diamond_helmet":2,"minecraft:iron_leggings":3,"minecraft:dead_bush":3,"minecraft:iron_axe":3,"minecraft:iron_shovel":1,"minecraft:light_blue_stained_glass_pane":1,"minecraft:string":1,"minecraft:pink_petals":27,"minecraft:acacia_planks":1,"minecraft:dandelion":1,"minecraft:blue_terracotta":1,"minecraft:warped_nylium":2,"minecraft:oak_trapdoor":2,"minecraft:stone_sword":2,"minecraft:coarse_dirt":2,"minecraft:raw_copper":4,"minecraft:light_gray_terracotta":2,"minecraft:tuff":3,"minecraft:chicken":1,"minecraft:cobbled_deepslate_slab":4,"minecraft:white_terracotta":5,"minecraft:shears":2,"minecraft:red_terracotta":3,"minecraft:diamond_sword":4,"minecraft:potato":19,"minecraft:mud_bricks":15,"minecraft:shield":4,"minecraft:flower_pot":2,"minecraft:diamond_chestplate":1,"minecraft:diamond_pickaxe":8,"minecraft:iron_chestplate":1,"minecraft:yellow_bed":1,"minecraft:oak_boat":7,"minecraft:oak_sapling":6,"minecraft:diamond_boots":1,"minecraft:stone_pickaxe":3,"minecraft:wooden_pickaxe":2,"minecraft:calcite":1},"minecraft:mined":{"minecraft:dark_oak_planks":21,"minecraft:white_bed":14,"minecraft:cherry_log":10,"minecraft:sculk_vein":4,"minecraft:obsidian":34,"minecraft:granite":26,"minecraft:acacia_log":9,"minecraft:grass_block":98,"minecraft:cracked_polished_blackstone_bricks":4,"minecraft:deepslate_bricks":15,"minecraft:mud_bricks":15,"minecraft:composter":1,"minecraft:spawner":10,"minecraft:polished_blackstone_bricks":42,"minecraft:magma_block":1,"minecraft:glowstone":2,"minecraft:cobbled_deepslate":18,"minecraft:iron_ore":70,"minecraft:sticky_piston":5,"minecraft:fire":17,"minecraft:target":1,"minecraft:deepslate_lapis_ore":18,"minecraft:anvil":1,"minecraft:sculk_shrieker":3,"minecraft:pointed_dripstone":3,"minecraft:dirt_path":11,"minecraft:deepslate_brick_stairs":21,"minecraft:tripwire":1,"minecraft:deepslate_redstone_ore":29,"minecraft:blackstone":37,"minecraft:kelp_plant":3,"minecraft:deepslate_brick_wall":1,"minecraft:smoker":3,"minecraft:amethyst_cluster":2,"minecraft:powder_snow":42,"minecraft:torch":2,"minecraft:light_gray_terracotta":2,"minecraft:blast_furnace":3,"minecraft:calcite":2,"minecraft:chest":28,"minecraft:nether_quartz_ore":39,"minecraft:glass":4,"minecraft:cobblestone":72,"minecraft:white_candle":6,"minecraft:oak_planks":6,"minecraft:iron_door":5,"minecraft:wall_torch":14,"minecraft:skeleton_skull":4,"minecraft:amethyst_block":3,"minecraft:deepslate_copper_ore":6,"minecraft:pink_petals":1,"minecraft:white_terracotta":8,"minecraft:warped_nylium":4,"minecraft:repeater":13,"minecraft:blue_terracotta":1,"minecraft:yellow_glazed_terracotta":1,"minecraft:grass":128,"minecraft:oak_log":184,"minecraft:sand":43,"minecraft:dirt":291,"minecraft:smooth_basalt":1,"minecraft:stonecutter":2,"minecraft:netherrack":1189,"minecraft:oak_leaves":81,"minecraft:deepslate":676,"minecraft:redstone_lamp":7,"minecraft:suspicious_gravel":5,"minecraft:nether_gold_ore":12,"minecraft:tuff":63,"minecraft:mossy_cobblestone":2,"minecraft:deepslate_diamond_ore":15,"minecraft:dark_oak_log":8,"minecraft:end_stone":10,"minecraft:nether_bricks":2,"minecraft:ladder":1,"minecraft:light_blue_glazed_terracotta":15,"minecraft:redstone_wire":36,"minecraft:kelp":2,"minecraft:hay_block":43,"minecraft:black_stained_glass_pane":1,"minecraft:oak_trapdoor":1,"minecraft:packed_mud":3,"minecraft:furnace":5,"minecraft:carrots":40,"minecraft:nether_sprouts":1,"minecraft:andesite":47,"minecraft:chiseled_deepslate":1,"minecraft:bell":5,"minecraft:bookshelf":32,"minecraft:potatoes":82,"minecraft:deepslate_iron_ore":14,"minecraft:vine":1,"minecraft:packed_ice":7,"minecraft:stone":975,"minecraft:bone_block":26,"minecraft:white_wool":3,"minecraft:redstone_wall_torch":5,"minecraft:redstone_block":2,"minecraft:glass_pane":1,"minecraft:cherry_planks":3,"minecraft:comparator":2,"minecraft:soul_sand":11,"minecraft:basalt":157,"minecraft:crafting_table":28,"minecraft:warped_roots":2,"minecraft:lectern":1,"minecraft:copper_ore":8,"minecraft:tall_grass":54,"minecraft:deepslate_coal_ore":2,"minecraft:deepslate_gold_ore":29,"minecraft:lapis_ore":4,"minecraft:sculk":4,"minecraft:diorite":66,"minecraft:warped_wart_block":6,"minecraft:gray_wool":194,"minecraft:red_terracotta":3,"minecraft:coarse_dirt":10,"minecraft:redstone_torch":2,"minecraft:white_carpet":3,"minecraft:gray_bed":15,"minecraft:birch_leaves":6,"minecraft:yellow_bed":3,"minecraft:coal_ore":115,"minecraft:dripstone_block":1,"minecraft:gravel":302,"minecraft:acacia_door":1,"minecraft:acacia_planks":1,"minecraft:stone_bricks":1,"minecraft:mossy_stone_bricks":5}},"DataVersion":3578}