{"stats":{"minecraft:broken":{"minecraft:iron_shovel":1,"minecraft:iron_axe":1,"minecraft:iron_pickaxe":2},"minecraft:mined":{"minecraft:white_bed":9,"minecraft:sculk_vein":4,"minecraft:obsidian":34,"minecraft:granite":26,"minecraft:acacia_log":4,"minecraft:grass_block":81,"minecraft:cracked_polished_blackstone_bricks":4,"minecraft:mud_bricks":15,"minecraft:composter":1,"minecraft:spawner":1,"minecraft:polished_blackstone_bricks":42,"minecraft:magma_block":1,"minecraft:cobbled_deepslate":16,"minecraft:iron_ore":70,"minecraft:sticky_piston":5,"minecraft:fire":17,"minecraft:target":1,"minecraft:deepslate_lapis_ore":18,"minecraft:sculk_shrieker":3,"minecraft:pointed_dripstone":3,"minecraft:dirt_path":11,"minecraft:deepslate_brick_stairs":21,"minecraft:deepslate_redstone_ore":29,"minecraft:blackstone":37,"minecraft:kelp_plant":3,"minecraft:smoker":3,"minecraft:amethyst_cluster":2,"minecraft:powder_snow":42,"minecraft:torch":2,"minecraft:light_gray_terracotta":2,"minecraft:blast_furnace":3,"minecraft:calcite":2,"minecraft:chest":25,"minecraft:nether_quartz_ore":39,"minecraft:cobblestone":65,"minecraft:white_candle":6,"minecraft:oak_planks":3,"minecraft:iron_door":1,"minecraft:wall_torch":13,"minecraft:amethyst_block":3,"minecraft:deepslate_copper_ore":6,"minecraft:pink_petals":1,"minecraft:white_terracotta":8,"minecraft:warped_nylium":4,"minecraft:repeater":13,"minecraft:blue_terracotta":1,"minecraft:yellow_glazed_terracotta":1,"minecraft:grass":115,"minecraft:oak_log":142,"minecraft:sand":43,"minecraft:dirt":268,"minecraft:smooth_basalt":1,"minecraft:stonecutter":2,"minecraft:netherrack":1112,"minecraft:oak_leaves":80,"minecraft:deepslate":676,"minecraft:redstone_lamp":4,"minecraft:suspicious_gravel":5,"minecraft:nether_gold_ore":12,"minecraft:tuff":63,"minecraft:mossy_cobblestone":2,"minecraft:deepslate_diamond_ore":15,"minecraft:end_stone":10,"minecraft:nether_bricks":2,"minecraft:ladder":1,"minecraft:light_blue_glazed_terracotta":15,"minecraft:redstone_wire":36,"minecraft:kelp":2,"minecraft:hay_block":20,"minecraft:packed_mud":3,"minecraft:furnace":5,"minecraft:carrots":40,"minecraft:nether_sprouts":1,"minecraft:andesite":47,"minecraft:chiseled_deepslate":1,"minecraft:bell":5,"minecraft:bookshelf":32,"minecraft:potatoes":60,"minecraft:deepslate_iron_ore":14,"minecraft:packed_ice":7,"minecraft:stone":966,"minecraft:bone_block":26,"minecraft:white_wool":3,"minecraft:redstone_wall_torch":5,"minecraft:redstone_block":2,"minecraft:glass_pane":1,"minecraft:comparator":2,"minecraft:soul_sand":11,"minecraft:basalt":157,"minecraft:crafting_table":20,"minecraft:warped_roots":2,"minecraft:lectern":1,"minecraft:copper_ore":8,"minecraft:tall_grass":54,"minecraft:deepslate_coal_ore":2,"minecraft:deepslate_gold_ore":29,"minecraft:lapis_ore":4,"minecraft:sculk":4,"minecraft:diorite":66,"minecraft:warped_wart_block":6,"minecraft:gray_wool":194,"minecraft:red_terracotta":3,"minecraft:coarse_dirt":10,"minecraft:redstone_torch":2,"minecraft:white_carpet":3,"minecraft:birch_leaves":6,"minecraft:yellow_bed":3,"minecraft:coal_ore":115,"minecraft:dripstone_block":1,"minecraft:gravel":295,"minecraft:acacia_door":1,"minecraft:stone_bricks":1,"minecraft:mossy_stone_bricks":5},"minecraft:killed":{"minecraft:spider":7,"minecraft:skeleton":19,"minecraft:chicken":1,"minecraft:magma_cube":9,"minecraft:piglin":3,"minecraft:pig":2,"minecraft:zombie_villager":1,"minecraft:iron_golem":1,"minecraft:creeper":5,"minecraft:sheep":16,"minecraft:pillager":8,"minecraft:zombie":29,"minecraft:blaze":14,"minecraft:cow":11,"minecraft:vindicator":4,"minecraft:drowned":3,"minecraft:ravager":1,"minecraft:wither_skeleton":3,"minecraft:enderman":24},"minecraft:crafted":{"minecraft:oak_planks":428,"minecraft:smooth_stone":3,"minecraft:blaze_powder":12,"minecraft:stone":9,"minecraft:diamond_shovel":3,"minecraft:cooked_mutton":27,"minecraft:glass":37,"minecraft:hopper":1,"minecraft:diamond_helmet":2,"minecraft:diamond_leggings":1,"minecraft:iron_boots":2,"minecraft:chest":7,"minecraft:ender_eye":11,"minecraft:gray_bed":9,"minecraft:golden_boots":1,"minecraft:smoker":5,"minecraft:oak_slab":12,"minecraft:cooked_porkchop":4,"minecraft:diamond_axe":3,"minecraft:crafting_table":8,"minecraft:wooden_pickaxe":1,"minecraft:baked_potato":242,"minecraft:iron_helmet":2,"minecraft:brush":2,"minecraft:copper_ingot":6,"minecraft:fletching_table":1,"minecraft:birch_planks":24,"minecraft:iron_chestplate":2,"minecraft:chiseled_deepslate":1,"minecraft:diamond_pickaxe":3,"minecraft:shield":6,"minecraft:stick":128,"minecraft:iron_ingot":85,"minecraft:iron_pickaxe":5,"minecraft:stone_sword":1,"minecraft:gold_ingot":14,"minecraft:gray_carpet":78,"minecraft:composter":1,"minecraft:shears":3,"minecraft:cobbled_deepslate_slab":6,"minecraft:leather_boots":2,"minecraft:spyglass":2,"minecraft:furnace":5,"minecraft:blast_furnace":1,"minecraft:bone_meal":240,"minecraft:white_carpet":3,"minecraft:oak_trapdoor":10,"minecraft:flint_and_steel":2,"minecraft:iron_axe":2,"minecraft:ladder":3,"minecraft:stone_pickaxe":1,"minecraft:diamond_boots":2,"minecraft:wheat":153,"minecraft:cooked_beef":24,"minecraft:diamond_sword":2,"minecraft:bucket":2,"minecraft:stone_axe":1,"minecraft:bread":51,"minecraft:air":0,"minecraft:oak_boat":6,"minecraft:golden_apple":1,"minecraft:iron_shovel":3,"minecraft:iron_leggings":1,"minecraft:stonecutter":2,"minecraft:white_bed":1,"minecraft:torch":216,"minecraft:diamond_chestplate":2},"minecraft:custom":{"minecraft:interact_with_crafting_table":114,"minecraft:bell_ring":37,"minecraft:leave_game":16,"minecraft:time_since_death":57670,"minecraft:sprint_one_cm":1802545,"minecraft:damage_blocked_by_shield":8415,"minecraft:drop":224,"minecraft:talked_to_villager":6,"minecraft:play_time":692723,"minecraft:deaths":28,"minecraft:jump":13502,"minecraft:walk_on_water_one_cm":52038,"minecraft:interact_with_furnace":64,"minecraft:sleep_in_bed":24,"minecraft:damage_dealt":33585,"minecraft:crouch_one_cm":346773,"minecraft:interact_with_smoker":143,"minecraft:horse_one_cm":954647,"minecraft:mob_kills":167,"minecraft:interact_with_anvil":2,"minecraft:climb_one_cm":7869,"minecraft:walk_one_cm":1188800,"minecraft:sneak_time":95409,"minecraft:walk_under_water_one_cm":89947,"minecraft:boat_one_cm":349701,"minecraft:interact_with_blast_furnace":35,"minecraft:total_world_time":692723,"minecraft:raid_trigger":1,"minecraft:interact_with_stonecutter":11,"minecraft:time_since_rest":22112,"minecraft:damage_taken":17044,"minecraft:swim_one_cm":205825,"minecraft:fly_one_cm":3779110,"minecraft:open_chest":565,"minecraft:fall_one_cm":394655},"minecraft:used":{"minecraft:iron_shovel":383,"minecraft:chiseled_deepslate":1,"minecraft:ladder":6,"minecraft:chest":28,"minecraft:shield":102,"minecraft:iron_sword":16,"minecraft:bell":4,"minecraft:iron_chestplate":6,"minecraft:nether_bricks":2,"minecraft:carrot":24,"minecraft:tuff":13,"minecraft:obsidian":32,"minecraft:lava_bucket":3,"minecraft:iron_helmet":6,"minecraft:magma_block":1,"minecraft:hay_block":1,"minecraft:written_book":2,"minecraft:oak_sapling":7,"minecraft:furnace":4,"minecraft:gray_bed":9,"minecraft:egg":1,"minecraft:potato":119,"minecraft:diorite":5,"minecraft:diamond_boots":3,"minecraft:stone_pickaxe":129,"minecraft:oak_planks":58,"minecraft:blackstone":5,"minecraft:ender_pearl":2,"minecraft:wooden_pickaxe":3,"minecraft:composter":2,"minecraft:diamond_axe":70,"minecraft:white_wool":3,"minecraft:blast_furnace":4,"minecraft:crossbow":1,"minecraft:dripstone_block":1,"minecraft:end_stone":2,"minecraft:shears":247,"minecraft:deepslate_brick_stairs":321,"minecraft:bread":31,"minecraft:gravel":30,"minecraft:diamond_sword":303,"minecraft:oak_boat":45,"minecraft:coarse_dirt":7,"minecraft:bone_meal":199,"minecraft:oak_trapdoor":8,"minecraft:stone_sword":12,"minecraft:flint_and_steel":5,"minecraft:netherrack":305,"minecraft:oak_door":1,"minecraft:torch":178,"minecraft:dirt":179,"minecraft:spyglass":36,"minecraft:diamond_helmet":3,"minecraft:granite":7,"minecraft:iron_axe":283,"minecraft:iron_boots":9,"minecraft:diamond_chestplate":2,"minecraft:basalt":14,"minecraft:cooked_beef":23,"minecraft:cobbled_deepslate":167,"minecraft:iron_leggings":3,"minecraft:cooked_mutton":27,"minecraft:water_bucket":106,"minecraft:baked_potato":142,"minecraft:stonecutter":3,"minecraft:leather_boots":2,"minecraft:crafting_table":23,"minecraft:white_bed":9,"minecraft:smoker":7,"minecraft:oak_log":3,"minecraft:ender_eye":19,"minecraft:diamond_pickaxe":2847,"minecraft:diamond_shovel":267,"minecraft:iron_pickaxe":909,"minecraft:stone_axe":40,"minecraft:pink_petals":1,"minecraft:cobblestone":482,"minecraft:white_banner":1,"minecraft:cooked_porkchop":4,"minecraft:bucket":111,"minecraft:yellow_bed":2,"minecraft:brush":48,"minecraft:gray_wool":127,"minecraft:diamond_leggings":6},"minecraft:picked_up":{"minecraft:chiseled_deepslate":1,"minecraft:iron_chestplate":11,"minecraft:wheat":1,"minecraft:redstone_block":2,"minecraft:flower_pot":2,"minecraft:lead":3,"minecraft:diamond_sword":8,"minecraft:potion":4,"minecraft:enchanted_book":11,"minecraft:amethyst_block":1,"minecraft:music_disc_cat":4,"minecraft:string":3,"minecraft:raw_copper":34,"minecraft:oak_hanging_sign":2,"minecraft:iron_leggings":11,"minecraft:sticky_piston":5,"minecraft:red_candle":4,"minecraft:experience_bottle":7,"minecraft:diamond_leggings":11,"minecraft:gold_nugget":36,"minecraft:cobbled_deepslate":1231,"minecraft:comparator":2,"minecraft:bucket":1,"minecraft:ender_eye":9,"minecraft:redstone_torch":7,"minecraft:written_book":2,"minecraft:calcite":1,"minecraft:iron_pickaxe":24,"minecraft:iron_boots":12,"minecraft:furnace":5,"minecraft:stick":66,"minecraft:composter":1,"minecraft:torch":180,"minecraft:acacia_log":4,"minecraft:porkchop":4,"minecraft:target":1,"minecraft:diorite":94,"minecraft:pointed_dripstone":3,"minecraft:stone_sword":3,"minecraft:rotten_flesh":45,"minecraft:white_terracotta":5,"minecraft:spruce_hanging_sign":1,"minecraft:blaze_rod":11,"minecraft:deepslate_brick_stairs":21,"minecraft:obsidian":40,"minecraft:cobblestone":1087,"minecraft:pink_petals":28,"minecraft:magma_block":1,"minecraft:feather":2,"minecraft:cooked_beef":60,"minecraft:repeater":13,"minecraft:magma_cream":1,"minecraft:iron_door":1,"minecraft:water_bucket":17,"minecraft:andesite":45,"minecraft:brown_wool":1,"minecraft:smoker":5,"minecraft:potato":388,"minecraft:flint":28,"minecraft:tuff":116,"minecraft:dirt":432,"minecraft:lapis_lazuli":126,"minecraft:disc_fragment_5":8,"minecraft:name_tag":15,"minecraft:leather_boots":3,"minecraft:glass":3,"minecraft:bone":252,"minecraft:stonecutter":2,"minecraft:wheat_seeds":25,"minecraft:green_candle":2,"minecraft:raw_gold":44,"minecraft:bell":6,"minecraft:mossy_stone_bricks":5,"minecraft:diamond_helmet":3,"minecraft:stone_hoe":2,"minecraft:oak_planks":281,"minecraft:cooked_porkchop":2,"minecraft:warped_wart_block":2,"minecraft:poisonous_potato":1,"minecraft:sand":55,"minecraft:dead_bush":2,"minecraft:red_terracotta":3,"minecraft:light_gray_terracotta":2,"minecraft:white_candle":27,"minecraft:blue_terracotta":1,"minecraft:sugar":1,"minecraft:diamond":87,"minecraft:yellow_stained_glass_pane":1,"minecraft:cracked_polished_blackstone_bricks":4,"minecraft:crossbow":12,"minecraft:granite":27,"minecraft:bone_meal":6,"minecraft:grass":1,"minecraft:golden_apple":5,"minecraft:emerald":3,"minecraft:bread":34,"minecraft:oak_sapling":9,"minecraft:netherrack":1968,"minecraft:oak_leaves":39,"minecraft:diamond_pickaxe":5,"minecraft:crafting_table":18,"minecraft:coarse_dirt":9,"minecraft:chicken":1,"minecraft:ladder":5,"minecraft:redstone_lamp":4,"minecraft:wooden_pickaxe":1,"minecraft:diamond_horse_armor":3,"minecraft:shield":18,"minecraft:iron_axe":14,"minecraft:acacia_door":1,"minecraft:flint_and_steel":5,"minecraft:white_carpet":27,"minecraft:iron_shovel":4,"minecraft:blackstone":88,"minecraft:candle":21,"minecraft:beef":24,"minecraft:music_disc_otherside":6,"minecraft:echo_shard":38,"minecraft:oak_boat":50,"minecraft:lectern":1,"minecraft:chest":35,"minecraft:diamond_hoe":1,"minecraft:egg":2,"minecraft:raw_iron":95,"minecraft:orange_dye":3,"minecraft:end_stone":6,"minecraft:oak_door":1,"minecraft:copper_ingot":1,"minecraft:polished_blackstone_bricks":106,"minecraft:carrot":132,"minecraft:redstone":445,"minecraft:arrow":21,"minecraft:diamond_chestplate":3,"minecraft:light_blue_stained_glass_pane":1,"minecraft:nether_bricks":2,"minecraft:shears":6,"minecraft:diamond_boots":3,"minecraft:hay_block":18,"minecraft:saddle":5,"minecraft:gold_ingot":8,"minecraft:glow_berries":28,"minecraft:mutton":27,"minecraft:bone_block":26,"minecraft:white_wool":23,"minecraft:mud_bricks":15,"minecraft:basalt":187,"minecraft:leather":21,"minecraft:birch_planks":2,"minecraft:packed_mud":3,"minecraft:oak_log":142,"minecraft:yellow_glazed_terracotta":1,"minecraft:yellow_bed":3,"minecraft:gunpowder":12,"minecraft:heart_pottery_sherd":2,"minecraft:paper":14,"minecraft:white_banner":8,"minecraft:cooked_mutton":40,"minecraft:stone_bricks":1,"minecraft:apple":22,"minecraft:gray_carpet":128,"minecraft:kelp":11,"minecraft:stone_pickaxe":2,"minecraft:iron_ingot":80,"minecraft:iron_sword":1,"minecraft:soul_sand":11,"minecraft:book":240,"minecraft:sculk_catalyst":4,"minecraft:warped_fungus":1,"minecraft:nether_quartz_ore":10,"minecraft:sculk":96,"minecraft:quartz":48,"minecraft:light_blue_glazed_terracotta":15,"minecraft:dripstone_block":2,"minecraft:gravel":292,"minecraft:lava_bucket":1,"minecraft:amethyst_shard":76,"minecraft:soul_torch":57,"minecraft:blast_furnace":3,"minecraft:white_bed":10,"minecraft:diamond_shovel":1,"minecraft:sculk_sensor":7,"minecraft:iron_helmet":14,"minecraft:gray_wool":313,"minecraft:warped_roots":11,"minecraft:baked_potato":503,"minecraft:warped_nylium":24,"minecraft:coal":763,"minecraft:hopper":1,"minecraft:ender_pearl":22},"minecraft:killed_by":{"minecraft:ghast":1,"minecraft:wither_skeleton":1,"minecraft:piglin_brute":1,"minecraft:ravager":2,"minecraft:vindicator":4,"minecraft:piglin":1,"minecraft:blaze":1,"minecraft:zombie":5,"minecraft:enderman":2,"minecraft:ender_dragon":1,"minecraft:warden":5,"minecraft:skeleton":1},"minecraft:dropped":{"minecraft:orange_dye":3,"minecraft:warped_fungus":1,"minecraft:baked_potato":154,"minecraft:ender_pearl":5,"minecraft:diamond":10,"minecraft:crossbow":1,"minecraft:emerald":1,"minecraft:packed_mud":3,"minecraft:dirt":159,"minecraft:grass":1,"minecraft:brush":1,"minecraft:chain":5,"minecraft:gold_nugget":9,"minecraft:sugar":1,"minecraft:iron_pickaxe":7,"minecraft:acacia_door":1,"minecraft:gold_ingot":8,"minecraft:bone":9,"minecraft:green_candle":2,"minecraft:gravel":67,"minecraft:stone_axe":1,"minecraft:spyglass":1,"minecraft:iron_nugget":2,"minecraft:pointed_dripstone":3,"minecraft:rotten_flesh":12,"minecraft:oak_planks":3,"minecraft:diamond_shovel":1,"minecraft:white_bed":2,"minecraft:recovery_compass":1,"minecraft:carrot":93,"minecraft:chiseled_deepslate":1,"minecraft:yellow_stained_glass_pane":1,"minecraft:red_candle":2,"minecraft:gunpowder":1,"minecraft:leather_boots":1,"minecraft:ladder":2,"minecraft:heart_pottery_sherd":1,"minecraft:arrow":15,"minecraft:quartz":4,"minecraft:written_book":6,"minecraft:netherrack":238,"minecraft:bread":41,"minecraft:iron_ingot":26,"minecraft:enchanted_book":2,"minecraft:stone_hoe":2,"minecraft:water_bucket":2,"minecraft:oak_slab":5,"minecraft:wheat_seeds":6,"minecraft:dripstone_block":1,"minecraft:diamond_leggings":1,"minecraft:poisonous_potato":1,"minecraft:oak_hanging_sign":2,"minecraft:cobblestone":110,"minecraft:iron_helmet":3,"minecraft:apple":16,"minecraft:granite":10,"minecraft:acacia_log":4,"minecraft:coal":24,"minecraft:stick":15,"minecraft:diamond_horse_armor":1,"minecraft:deepslate_brick_stairs":1,"minecraft:gray_wool":9,"minecraft:sculk_catalyst":1,"minecraft:torch":27,"minecraft:yellow_glazed_terracotta":1,"minecraft:brown_wool":1,"minecraft:diamond_helmet":1,"minecraft:dead_bush":2,"minecraft:iron_leggings":3,"minecraft:iron_axe":3,"minecraft:iron_shovel":1,"minecraft:light_blue_stained_glass_pane":1,"minecraft:pink_petals":27,"minecraft:blue_terracotta":1,"minecraft:warped_nylium":2,"minecraft:oak_trapdoor":2,"minecraft:coarse_dirt":2,"minecraft:stone_sword":2,"minecraft:raw_copper":4,"minecraft:light_gray_terracotta":2,"minecraft:tuff":3,"minecraft:chicken":1,"minecraft:cobbled_deepslate_slab":4,"minecraft:white_terracotta":5,"minecraft:shears":2,"minecraft:red_terracotta":3,"minecraft:diamond_sword":1,"minecraft:potato":19,"minecraft:mud_bricks":15,"minecraft:shield":4,"minecraft:flower_pot":2,"minecraft:diamond_chestplate":1,"minecraft:diamond_pickaxe":6,"minecraft:iron_chestplate":1,"minecraft:yellow_bed":1,"minecraft:oak_boat":7,"minecraft:oak_sapling":3,"minecraft:diamond_boots":1,"minecraft:stone_pickaxe":3,"minecraft:wooden_pickaxe":2,"minecraft:calcite":1}},"DataVersion":3578}